,Sample_ID,Label
0,10865,0
1,10866,0
2,10867,0
3,10868,0
4,10869,1
5,10870,1
6,10871,0
7,10872,0
8,10873,0
9,10874,0
10,10875,1
11,10876,0
12,10877,0
13,10878,0
14,10879,0
15,10880,0
16,10881,0
17,10882,0
18,10883,0
19,10884,0
20,10885,0
21,10886,0
22,10887,0
23,10888,0
24,10889,0
25,10890,0
26,10891,0
27,10892,0
28,10893,0
29,10894,1
30,10895,0
31,10896,0
32,10897,0
33,10898,0
34,10899,0
35,10900,0
36,10901,0
37,10902,0
38,10903,0
39,10904,0
40,10905,0
41,10906,0
42,10907,0
43,10908,0
44,10909,0
45,10910,1
46,10911,1
47,10912,0
48,10913,1
49,10914,0
50,10915,0
51,10916,0
52,10917,1
53,10918,0
54,10919,0
55,10920,1
56,10921,0
57,10922,0
58,10923,1
59,10924,0
60,10925,0
61,10926,0
62,10927,0
63,10928,0
64,10929,0
65,10930,0
66,10931,0
67,10932,0
68,10933,0
69,10934,0
70,10935,1
71,10936,0
72,10937,1
73,10938,0
74,10939,0
75,10940,0
76,10941,0
77,10942,0
78,10943,1
79,10944,0
80,10945,0
81,10946,0
82,10947,0
83,10948,0
84,10949,0
85,10950,0
86,10951,0
87,10952,0
88,10953,0
89,10954,0
90,10955,0
91,10956,0
92,10957,0
93,10958,0
94,10959,1
95,10960,0
96,10961,0
97,10962,0
98,10963,0
99,10964,0
100,10965,0
101,10966,0
102,10967,0
103,10968,0
104,10969,0
105,10970,0
106,10971,0
107,10972,0
108,10973,0
109,10974,0
110,10975,0
111,10976,0
112,10977,0
113,10978,0
114,10979,0
115,10980,0
116,10981,0
117,10982,0
118,10983,0
119,10984,0
120,10985,0
121,10986,0
122,10987,0
123,10988,0
124,10989,1
125,10990,0
126,10991,0
127,10992,0
128,10993,0
129,10994,0
130,10995,1
131,10996,0
132,10997,0
133,10998,1
134,10999,0
135,11000,0
136,11001,0
137,11002,0
138,11003,0
139,11004,0
140,11005,0
141,11006,0
142,11007,0
143,11008,0
144,11009,1
145,11010,0
146,11011,0
147,11012,0
148,11013,0
149,11014,0
150,11015,1
151,11016,1
152,11017,0
153,11018,0
154,11019,0
155,11020,0
156,11021,0
157,11022,0
158,11023,0
159,11024,0
160,11025,0
161,11026,1
162,11027,0
163,11028,0
164,11029,0
165,11030,0
166,11031,0
167,11032,0
168,11033,1
169,11034,0
170,11035,0
171,11036,0
172,11037,1
173,11038,1
174,11039,1
175,11040,0
176,11041,0
177,11042,0
178,11043,0
179,11044,0
180,11045,0
181,11046,1
182,11047,1
183,11048,0
184,11049,0
185,11050,0
186,11051,0
187,11052,0
188,11053,0
189,11054,1
190,11055,0
191,11056,0
192,11057,0
193,11058,0
194,11059,0
195,11060,0
196,11061,0
197,11062,0
198,11063,0
199,11064,0
200,11065,0
201,11066,0
202,11067,0
203,11068,1
204,11069,1
205,11070,0
206,11071,0
207,11072,1
208,11073,0
209,11074,0
210,11075,0
211,11076,0
212,11077,0
213,11078,0
214,11079,0
215,11080,0
216,11081,0
217,11082,0
218,11083,0
219,11084,0
220,11085,0
221,11086,0
222,11087,0
223,11088,0
224,11089,1
225,11090,0
226,11091,0
227,11092,0
228,11093,0
229,11094,1
230,11095,0
231,11096,0
232,11097,0
233,11098,0
234,11099,0
235,11100,0
236,11101,0
237,11102,0
238,11103,0
239,11104,0
240,11105,0
241,11106,0
242,11107,0
243,11108,0
244,11109,0
245,11110,0
246,11111,0
247,11112,0
248,11113,0
249,11114,0
250,11115,0
251,11116,0
252,11117,0
253,11118,0
254,11119,0
255,11120,0
256,11121,1
257,11122,0
258,11123,0
259,11124,0
260,11125,1
261,11126,1
262,11127,0
263,11128,0
264,11129,1
265,11130,0
266,11131,0
267,11132,0
268,11133,0
269,11134,0
270,11135,0
271,11136,0
272,11137,0
273,11138,0
274,11139,1
275,11140,0
276,11141,1
277,11142,1
278,11143,0
279,11144,0
280,11145,0
281,11146,0
282,11147,0
283,11148,0
284,11149,0
285,11150,0
286,11151,0
287,11152,0
288,11153,0
289,11154,0
290,11155,0
291,11156,0
292,11157,0
293,11158,1
294,11159,0
295,11160,0
296,11161,0
297,11162,0
298,11163,1
299,11164,0
300,11165,0
301,11166,1
302,11167,0
303,11168,0
304,11169,0
305,11170,0
306,11171,0
307,11172,0
308,11173,0
309,11174,0
310,11175,0
311,11176,1
312,11177,0
313,11178,0
314,11179,0
315,11180,1
316,11181,0
317,11182,0
318,11183,0
319,11184,0
320,11185,0
321,11186,1
322,11187,0
323,11188,0
324,11189,0
325,11190,0
326,11191,0
327,11192,0
328,11193,0
329,11194,0
330,11195,0
331,11196,0
332,11197,0
333,11198,0
334,11199,0
335,11200,0
336,11201,0
337,11202,0
338,11203,0
339,11204,0
340,11205,0
341,11206,0
342,11207,0
343,11208,0
344,11209,0
345,11210,0
346,11211,0
347,11212,0
348,11213,0
349,11214,1
350,11215,1
351,11216,0
352,11217,1
353,11218,0
354,11219,0
355,11220,0
356,11221,0
357,11222,0
358,11223,0
359,11224,0
360,11225,0
361,11226,0
362,11227,0
363,11228,0
364,11229,0
365,11230,0
366,11231,0
367,11232,0
368,11233,0
369,11234,0
370,11235,0
371,11236,0
372,11237,0
373,11238,0
374,11239,0
375,11240,0
376,11241,0
377,11242,0
378,11243,0
379,11244,0
380,11245,1
381,11246,0
382,11247,0
383,11248,1
384,11249,1
385,11250,0
386,11251,0
387,11252,0
388,11253,0
389,11254,0
390,11255,0
391,11256,0
392,11257,0
393,11258,0
394,11259,0
395,11260,0
396,11261,0
397,11262,0
398,11263,1
399,11264,0
400,11265,1
401,11266,0
402,11267,0
403,11268,0
404,11269,0
405,11270,0
406,11271,0
407,11272,0
408,11273,0
409,11274,0
410,11275,0
411,11276,1
412,11277,0
413,11278,0
414,11279,0
415,11280,0
416,11281,0
417,11282,0
418,11283,0
419,11284,0
420,11285,0
421,11286,0
422,11287,0
423,11288,0
424,11289,0
425,11290,0
426,11291,1
427,11292,1
428,11293,0
429,11294,0
430,11295,0
431,11296,0
432,11297,0
433,11298,1
434,11299,1
435,11300,1
436,11301,0
437,11302,0
438,11303,0
439,11304,1
440,11305,0
441,11306,0
442,11307,0
443,11308,1
444,11309,0
445,11310,0
446,11311,0
447,11312,0
448,11313,0
449,11314,0
450,11315,1
451,11316,0
452,11317,0
453,11318,0
454,11319,0
455,11320,1
456,11321,0
457,11322,0
458,11323,0
459,11324,0
460,11325,0
461,11326,0
462,11327,1
463,11328,1
464,11329,0
465,11330,0
466,11331,0
467,11332,0
468,11333,0
469,11334,0
470,11335,1
471,11336,0
472,11337,1
473,11338,0
474,11339,0
475,11340,0
476,11341,0
477,11342,0
478,11343,0
479,11344,0
480,11345,0
481,11346,1
482,11347,0
483,11348,0
484,11349,0
485,11350,0
486,11351,1
487,11352,0
488,11353,1
489,11354,0
490,11355,0
491,11356,0
492,11357,1
493,11358,1
494,11359,1
495,11360,0
496,11361,0
497,11362,0
498,11363,0
499,11364,0
500,11365,0
501,11366,0
502,11367,0
503,11368,1
504,11369,0
505,11370,0
506,11371,0
507,11372,0
508,11373,0
509,11374,0
510,11375,0
511,11376,1
512,11377,1
513,11378,0
514,11379,1
515,11380,0
516,11381,0
517,11382,0
518,11383,0
519,11384,0
520,11385,0
521,11386,0
522,11387,0
523,11388,1
524,11389,0
525,11390,0
526,11391,0
527,11392,0
528,11393,0
529,11394,0
530,11395,0
531,11396,0
532,11397,1
533,11398,0
534,11399,0
535,11400,0
536,11401,0
537,11402,1
538,11403,1
539,11404,0
540,11405,0
541,11406,0
542,11407,0
543,11408,1
544,11409,1
545,11410,0
546,11411,0
547,11412,0
548,11413,0
549,11414,0
550,11415,0
551,11416,0
552,11417,0
553,11418,0
554,11419,0
555,11420,0
556,11421,0
557,11422,1
558,11423,0
559,11424,0
560,11425,0
561,11426,0
562,11427,0
563,11428,0
564,11429,1
565,11430,0
566,11431,0
567,11432,0
568,11433,0
569,11434,0
570,11435,0
571,11436,0
572,11437,1
573,11438,0
574,11439,0
575,11440,1
576,11441,0
577,11442,0
578,11443,0
579,11444,0
580,11445,1
581,11446,1
582,11447,1
583,11448,1
584,11449,0
585,11450,0
586,11451,0
587,11452,0
588,11453,0
589,11454,1
590,11455,0
591,11456,1
592,11457,0
593,11458,0
594,11459,0
595,11460,1
596,11461,0
597,11462,0
598,11463,0
599,11464,0
600,11465,0
601,11466,0
602,11467,0
603,11468,0
604,11469,0
605,11470,0
606,11471,0
607,11472,0
608,11473,0
609,11474,0
610,11475,0
611,11476,0
612,11477,1
613,11478,0
614,11479,1
615,11480,0
616,11481,0
617,11482,0
618,11483,0
619,11484,0
620,11485,0
621,11486,0
622,11487,1
623,11488,0
624,11489,0
625,11490,0
626,11491,0
627,11492,1
628,11493,0
629,11494,1
630,11495,0
631,11496,0
632,11497,0
633,11498,1
634,11499,0
635,11500,0
636,11501,0
637,11502,0
638,11503,0
639,11504,0
640,11505,0
641,11506,0
642,11507,1
643,11508,0
644,11509,0
645,11510,1
646,11511,1
647,11512,0
648,11513,0
649,11514,0
650,11515,0
651,11516,0
652,11517,0
653,11518,0
654,11519,0
655,11520,0
656,11521,1
657,11522,0
658,11523,0
659,11524,0
660,11525,1
661,11526,0
662,11527,0
663,11528,0
664,11529,0
665,11530,0
666,11531,0
667,11532,1
668,11533,0
669,11534,0
670,11535,0
671,11536,0
672,11537,0
673,11538,1
674,11539,0
675,11540,1
676,11541,0
677,11542,0
678,11543,0
679,11544,0
680,11545,1
681,11546,1
682,11547,0
683,11548,1
684,11549,0
685,11550,0
686,11551,1
687,11552,1
688,11553,0
689,11554,0
690,11555,0
691,11556,0
692,11557,0
693,11558,0
694,11559,0
695,11560,0
696,11561,0
697,11562,0
698,11563,1
699,11564,0
700,11565,0
701,11566,0
702,11567,1
703,11568,0
704,11569,1
705,11570,0
706,11571,0
707,11572,0
708,11573,1
709,11574,0
710,11575,1
711,11576,0
712,11577,0
713,11578,0
714,11579,0
715,11580,0
716,11581,0
717,11582,0
718,11583,1
719,11584,0
720,11585,1
721,11586,0
722,11587,0
723,11588,1
724,11589,0
725,11590,0
726,11591,0
727,11592,0
728,11593,1
729,11594,0
730,11595,0
731,11596,1
732,11597,0
733,11598,0
734,11599,0
735,11600,0
736,11601,0
737,11602,0
738,11603,0
739,11604,0
740,11605,1
741,11606,0
742,11607,0
743,11608,1
744,11609,0
745,11610,0
746,11611,1
747,11612,0
748,11613,0
749,11614,0
750,11615,0
751,11616,0
752,11617,0
753,11618,0
754,11619,1
755,11620,0
756,11621,0
757,11622,1
758,11623,0
759,11624,0
760,11625,0
761,11626,0
762,11627,0
763,11628,0
764,11629,0
765,11630,0
766,11631,0
767,11632,0
768,11633,0
769,11634,0
770,11635,0
771,11636,1
772,11637,0
773,11638,1
774,11639,0
775,11640,0
776,11641,1
777,11642,0
778,11643,0
779,11644,0
780,11645,1
781,11646,0
782,11647,0
783,11648,0
784,11649,0
785,11650,0
786,11651,1
787,11652,0
788,11653,0
789,11654,0
790,11655,0
791,11656,0
792,11657,0
793,11658,0
794,11659,0
795,11660,0
796,11661,0
797,11662,0
798,11663,0
799,11664,0
800,11665,0
801,11666,0
802,11667,1
803,11668,0
804,11669,1
805,11670,0
806,11671,0
807,11672,1
808,11673,0
809,11674,1
810,11675,1
811,11676,0
812,11677,0
813,11678,0
814,11679,0
815,11680,0
816,11681,0
817,11682,0
818,11683,0
819,11684,0
820,11685,0
821,11686,0
822,11687,0
823,11688,0
824,11689,0
825,11690,0
826,11691,0
827,11692,0
828,11693,0
829,11694,1
830,11695,0
831,11696,1
832,11697,0
833,11698,0
834,11699,0
835,11700,0
836,11701,0
837,11702,0
838,11703,0
839,11704,0
840,11705,0
841,11706,1
842,11707,0
843,11708,0
844,11709,1
845,11710,0
846,11711,0
847,11712,0
848,11713,0
849,11714,0
850,11715,0
851,11716,1
852,11717,0
853,11718,0
854,11719,0
855,11720,0
856,11721,0
857,11722,0
858,11723,0
859,11724,0
860,11725,0
861,11726,0
862,11727,0
863,11728,0
864,11729,0
865,11730,0
866,11731,1
867,11732,0
868,11733,0
869,11734,0
870,11735,0
871,11736,1
872,11737,0
873,11738,0
874,11739,0
875,11740,0
876,11741,0
877,11742,0
878,11743,0
879,11744,0
880,11745,0
881,11746,1
882,11747,0
883,11748,1
884,11749,1
885,11750,0
886,11751,0
887,11752,0
888,11753,0
889,11754,0
890,11755,1
891,11756,1
892,11757,0
893,11758,1
894,11759,1
895,11760,0
896,11761,0
897,11762,0
898,11763,1
899,11764,0
900,11765,1
901,11766,0
902,11767,0
903,11768,0
904,11769,0
905,11770,0
906,11771,0
907,11772,1
908,11773,0
909,11774,0
910,11775,1
911,11776,0
912,11777,0
913,11778,1
914,11779,0
915,11780,0
916,11781,0
917,11782,0
918,11783,0
919,11784,0
920,11785,0
921,11786,0
922,11787,1
923,11788,0
924,11789,0
925,11790,0
926,11791,0
927,11792,1
928,11793,0
929,11794,0
930,11795,0
931,11796,1
932,11797,1
933,11798,0
934,11799,0
935,11800,0
936,11801,0
937,11802,0
938,11803,0
939,11804,0
940,11805,1
941,11806,1
942,11807,0
943,11808,0
944,11809,1
945,11810,0
946,11811,0
947,11812,0
948,11813,0
949,11814,0
950,11815,1
951,11816,0
952,11817,0
953,11818,0
954,11819,0
955,11820,0
956,11821,0
957,11822,1
958,11823,0
959,11824,0
960,11825,0
961,11826,0
962,11827,0
963,11828,0
964,11829,0
965,11830,0
966,11831,0
967,11832,0
968,11833,0
969,11834,0
970,11835,0
971,11836,0
972,11837,0
973,11838,1
974,11839,1
975,11840,0
976,11841,0
977,11842,0
978,11843,0
979,11844,1
980,11845,0
981,11846,0
982,11847,1
983,11848,1
984,11849,1
985,11850,0
986,11851,1
987,11852,0
988,11853,0
989,11854,0
990,11855,0
991,11856,0
992,11857,0
993,11858,0
994,11859,0
995,11860,1
996,11861,0
997,11862,0
998,11863,0
999,11864,0
1000,11865,0
1001,11866,0
1002,11867,0
1003,11868,1
1004,11869,0
1005,11870,0
1006,11871,0
1007,11872,1
1008,11873,0
1009,11874,0
1010,11875,0
1011,11876,1
1012,11877,0
1013,11878,0
1014,11879,0
1015,11880,0
1016,11881,0
1017,11882,0
1018,11883,0
1019,11884,0
1020,11885,1
1021,11886,0
1022,11887,1
1023,11888,0
1024,11889,0
1025,11890,0
1026,11891,0
1027,11892,1
1028,11893,0
1029,11894,0
1030,11895,0
1031,11896,0
1032,11897,0
1033,11898,0
1034,11899,0
1035,11900,0
1036,11901,1
1037,11902,0
1038,11903,0
1039,11904,0
1040,11905,0
1041,11906,0
1042,11907,0
1043,11908,0
1044,11909,0
1045,11910,0
1046,11911,0
1047,11912,1
1048,11913,0
1049,11914,0
1050,11915,0
1051,11916,0
1052,11917,0
1053,11918,0
1054,11919,0
1055,11920,0
1056,11921,0
1057,11922,0
1058,11923,0
1059,11924,0
1060,11925,0
1061,11926,0
1062,11927,0
1063,11928,0
1064,11929,0
1065,11930,0
1066,11931,0
1067,11932,0
1068,11933,0
1069,11934,0
1070,11935,1
1071,11936,0
1072,11937,1
1073,11938,0
1074,11939,0
1075,11940,1
1076,11941,0
1077,11942,0
1078,11943,0
1079,11944,0
1080,11945,0
1081,11946,0
1082,11947,0
1083,11948,0
1084,11949,0
1085,11950,0
1086,11951,0
1087,11952,0
1088,11953,0
1089,11954,0
1090,11955,0
1091,11956,0
1092,11957,0
1093,11958,0
1094,11959,0
1095,11960,0
1096,11961,0
1097,11962,0
1098,11963,0
1099,11964,0
1100,11965,0
1101,11966,0
1102,11967,0
1103,11968,0
1104,11969,0
1105,11970,0
1106,11971,1
1107,11972,0
1108,11973,0
1109,11974,0
1110,11975,1
1111,11976,0
1112,11977,0
1113,11978,1
1114,11979,0
1115,11980,0
1116,11981,0
1117,11982,1
1118,11983,0
1119,11984,1
1120,11985,1
1121,11986,0
1122,11987,1
1123,11988,0
1124,11989,0
1125,11990,0
1126,11991,0
1127,11992,0
1128,11993,0
1129,11994,0
1130,11995,0
1131,11996,0
1132,11997,0
1133,11998,0
1134,11999,0
1135,12000,0
1136,12001,1
1137,12002,0
1138,12003,0
1139,12004,1
1140,12005,0
1141,12006,0
1142,12007,0
1143,12008,0
1144,12009,0
1145,12010,0
1146,12011,0
1147,12012,0
1148,12013,0
1149,12014,1
1150,12015,0
1151,12016,0
1152,12017,0
1153,12018,0
1154,12019,1
1155,12020,0
1156,12021,0
1157,12022,0
1158,12023,0
1159,12024,0
1160,12025,0
1161,12026,1
1162,12027,0
1163,12028,0
1164,12029,1
1165,12030,1
1166,12031,1
1167,12032,0
1168,12033,1
1169,12034,0
1170,12035,1
1171,12036,0
1172,12037,0
1173,12038,0
1174,12039,0
1175,12040,0
1176,12041,0
1177,12042,0
1178,12043,0
1179,12044,0
1180,12045,1
1181,12046,0
1182,12047,0
1183,12048,0
1184,12049,0
1185,12050,0
1186,12051,0
1187,12052,0
1188,12053,0
1189,12054,0
1190,12055,0
1191,12056,0
1192,12057,0
1193,12058,0
1194,12059,0
1195,12060,0
1196,12061,0
1197,12062,0
1198,12063,0
1199,12064,0
1200,12065,0
1201,12066,1
1202,12067,0
1203,12068,0
1204,12069,1
1205,12070,0
1206,12071,0
1207,12072,0
1208,12073,0
1209,12074,0
1210,12075,0
1211,12076,0
1212,12077,0
1213,12078,0
1214,12079,1
1215,12080,0
1216,12081,0
1217,12082,1
1218,12083,0
1219,12084,0
1220,12085,0
1221,12086,0
1222,12087,1
1223,12088,0
1224,12089,0
1225,12090,0
1226,12091,1
1227,12092,0
1228,12093,0
1229,12094,0
1230,12095,0
1231,12096,0
1232,12097,0
1233,12098,0
1234,12099,0
1235,12100,0
1236,12101,0
1237,12102,1
1238,12103,0
1239,12104,1
1240,12105,1
1241,12106,0
1242,12107,0
1243,12108,0
1244,12109,0
1245,12110,0
1246,12111,0
1247,12112,1
1248,12113,1
1249,12114,0
1250,12115,0
1251,12116,0
1252,12117,0
1253,12118,0
1254,12119,0
1255,12120,0
1256,12121,0
1257,12122,1
1258,12123,0
1259,12124,0
1260,12125,0
1261,12126,0
1262,12127,0
1263,12128,0
1264,12129,0
1265,12130,0
1266,12131,0
1267,12132,0
1268,12133,0
1269,12134,0
1270,12135,0
1271,12136,0
1272,12137,0
1273,12138,0
1274,12139,0
1275,12140,0
1276,12141,0
1277,12142,0
1278,12143,0
1279,12144,1
1280,12145,0
1281,12146,0
1282,12147,0
1283,12148,0
1284,12149,1
1285,12150,1
1286,12151,0
1287,12152,0
1288,12153,0
1289,12154,0
1290,12155,0
1291,12156,1
1292,12157,0
1293,12158,0
1294,12159,0
1295,12160,1
1296,12161,0
1297,12162,0
1298,12163,1
1299,12164,1
1300,12165,0
1301,12166,0
1302,12167,0
1303,12168,0
1304,12169,0
1305,12170,0
1306,12171,1
1307,12172,0
1308,12173,0
1309,12174,0
1310,12175,0
1311,12176,0
1312,12177,1
1313,12178,0
1314,12179,0
1315,12180,0
1316,12181,0
1317,12182,0
1318,12183,0
1319,12184,0
1320,12185,1
1321,12186,1
1322,12187,0
1323,12188,1
1324,12189,0
1325,12190,0
1326,12191,0
1327,12192,0
1328,12193,0
1329,12194,0
1330,12195,0
1331,12196,1
1332,12197,0
1333,12198,0
1334,12199,0
1335,12200,0
1336,12201,0
1337,12202,0
1338,12203,0
1339,12204,0
1340,12205,0
1341,12206,0
1342,12207,0
1343,12208,0
1344,12209,1
1345,12210,0
1346,12211,1
1347,12212,0
1348,12213,0
1349,12214,0
1350,12215,0
1351,12216,0
1352,12217,0
1353,12218,1
1354,12219,1
1355,12220,0
1356,12221,0
1357,12222,0
1358,12223,0
1359,12224,0
1360,12225,1
1361,12226,0
1362,12227,0
1363,12228,1
1364,12229,1
1365,12230,0
1366,12231,0
1367,12232,0
1368,12233,0
1369,12234,0
1370,12235,1
1371,12236,0
1372,12237,0
1373,12238,0
1374,12239,0
1375,12240,1
1376,12241,0
1377,12242,1
1378,12243,1
1379,12244,0
1380,12245,0
1381,12246,0
1382,12247,0
1383,12248,0
1384,12249,0
1385,12250,0
1386,12251,0
1387,12252,0
1388,12253,0
1389,12254,0
1390,12255,0
1391,12256,0
1392,12257,1
1393,12258,1
1394,12259,0
1395,12260,0
1396,12261,0
1397,12262,0
1398,12263,0
1399,12264,0
1400,12265,1
1401,12266,0
1402,12267,0
1403,12268,0
1404,12269,0
1405,12270,0
1406,12271,0
1407,12272,0
1408,12273,1
1409,12274,0
1410,12275,0
1411,12276,0
1412,12277,1
1413,12278,1
1414,12279,0
1415,12280,1
1416,12281,0
1417,12282,0
1418,12283,0
1419,12284,0
1420,12285,0
1421,12286,0
1422,12287,1
1423,12288,0
1424,12289,0
1425,12290,0
1426,12291,0
1427,12292,0
1428,12293,0
1429,12294,0
1430,12295,0
1431,12296,0
1432,12297,0
1433,12298,0
1434,12299,0
1435,12300,0
1436,12301,0
1437,12302,0
1438,12303,0
1439,12304,0
1440,12305,0
1441,12306,1
1442,12307,1
1443,12308,0
1444,12309,0
1445,12310,0
1446,12311,0
1447,12312,0
1448,12313,0
1449,12314,0
1450,12315,0
1451,12316,0
1452,12317,0
1453,12318,0
1454,12319,0
1455,12320,0
1456,12321,0
1457,12322,0
1458,12323,0
1459,12324,1
1460,12325,0
1461,12326,0
1462,12327,0
1463,12328,0
1464,12329,0
1465,12330,0
1466,12331,0
1467,12332,1
1468,12333,0
1469,12334,1
1470,12335,0
1471,12336,0
1472,12337,0
1473,12338,0
1474,12339,0
1475,12340,0
1476,12341,0
1477,12342,0
1478,12343,0
1479,12344,1
1480,12345,1
1481,12346,0
1482,12347,0
1483,12348,0
1484,12349,1
1485,12350,0
1486,12351,0
1487,12352,0
1488,12353,0
1489,12354,0
1490,12355,0
1491,12356,1
1492,12357,0
1493,12358,1
1494,12359,0
1495,12360,0
1496,12361,0
1497,12362,0
1498,12363,0
1499,12364,0
1500,12365,0
1501,12366,0
1502,12367,0
1503,12368,0
1504,12369,0
1505,12370,0
1506,12371,0
1507,12372,1
1508,12373,0
1509,12374,0
1510,12375,1
1511,12376,0
1512,12377,0
1513,12378,0
1514,12379,0
1515,12380,0
1516,12381,0
1517,12382,0
1518,12383,0
1519,12384,1
1520,12385,0
1521,12386,0
1522,12387,0
1523,12388,0
1524,12389,1
1525,12390,0
1526,12391,0
1527,12392,0
1528,12393,0
1529,12394,1
1530,12395,0
1531,12396,0
1532,12397,0
1533,12398,0
1534,12399,0
1535,12400,0
1536,12401,0
1537,12402,1
1538,12403,0
1539,12404,1
1540,12405,0
1541,12406,0
1542,12407,0
1543,12408,0
1544,12409,0
1545,12410,0
1546,12411,0
1547,12412,0
1548,12413,1
1549,12414,0
1550,12415,1
1551,12416,0
1552,12417,0
1553,12418,0
1554,12419,0
1555,12420,0
1556,12421,0
1557,12422,0
1558,12423,0
1559,12424,0
1560,12425,0
1561,12426,0
1562,12427,0
1563,12428,1
1564,12429,0
1565,12430,0
1566,12431,0
1567,12432,1
1568,12433,0
1569,12434,0
1570,12435,0
1571,12436,0
1572,12437,1
1573,12438,0
1574,12439,0
1575,12440,0
1576,12441,0
1577,12442,0
1578,12443,0
1579,12444,0
1580,12445,0
1581,12446,0
1582,12447,0
1583,12448,0
1584,12449,0
1585,12450,1
1586,12451,0
1587,12452,0
1588,12453,1
1589,12454,1
1590,12455,0
1591,12456,1
1592,12457,1
1593,12458,0
1594,12459,0
1595,12460,0
1596,12461,0
1597,12462,1
1598,12463,0
1599,12464,0
1600,12465,0
1601,12466,1
1602,12467,0
1603,12468,1
1604,12469,0
1605,12470,0
1606,12471,0
1607,12472,0
1608,12473,1
1609,12474,1
1610,12475,0
1611,12476,0
1612,12477,0
1613,12478,0
1614,12479,0
1615,12480,0
1616,12481,1
1617,12482,0
1618,12483,0
1619,12484,0
1620,12485,0
1621,12486,0
1622,12487,0
1623,12488,1
1624,12489,1
1625,12490,0
1626,12491,0
1627,12492,0
1628,12493,0
1629,12494,1
1630,12495,0
1631,12496,0
1632,12497,1
1633,12498,1
1634,12499,0
1635,12500,0
1636,12501,0
1637,12502,0
1638,12503,0
1639,12504,0
1640,12505,0
1641,12506,0
1642,12507,1
1643,12508,0
1644,12509,0
1645,12510,1
1646,12511,0
1647,12512,0
1648,12513,1
1649,12514,0
1650,12515,0
1651,12516,0
1652,12517,0
1653,12518,0
1654,12519,0
1655,12520,0
1656,12521,1
1657,12522,0
1658,12523,0
1659,12524,0
1660,12525,0
1661,12526,0
1662,12527,0
1663,12528,0
1664,12529,0
1665,12530,0
1666,12531,0
1667,12532,0
1668,12533,0
1669,12534,1
1670,12535,0
1671,12536,0
1672,12537,0
1673,12538,0
1674,12539,1
1675,12540,1
1676,12541,0
1677,12542,0
1678,12543,1
1679,12544,0
1680,12545,1
1681,12546,0
1682,12547,0
1683,12548,0
1684,12549,1
1685,12550,0
1686,12551,0
1687,12552,0
1688,12553,0
1689,12554,0
1690,12555,0
1691,12556,0
1692,12557,0
1693,12558,0
1694,12559,0
1695,12560,0
1696,12561,0
1697,12562,0
1698,12563,0
1699,12564,0
1700,12565,0
1701,12566,0
1702,12567,0
1703,12568,0
1704,12569,0
1705,12570,0
1706,12571,0
1707,12572,0
1708,12573,0
1709,12574,0
1710,12575,0
1711,12576,0
1712,12577,1
1713,12578,0
1714,12579,0
1715,12580,0
1716,12581,0
1717,12582,0
1718,12583,0
1719,12584,0
1720,12585,0
1721,12586,1
1722,12587,0
1723,12588,1
1724,12589,0
1725,12590,0
1726,12591,0
1727,12592,0
1728,12593,0
1729,12594,0
1730,12595,0
1731,12596,0
1732,12597,0
1733,12598,0
1734,12599,0
1735,12600,0
1736,12601,0
1737,12602,0
1738,12603,0
1739,12604,0
1740,12605,0
1741,12606,0
1742,12607,0
1743,12608,1
1744,12609,0
1745,12610,0
1746,12611,0
1747,12612,0
1748,12613,0
1749,12614,0
1750,12615,0
1751,12616,0
1752,12617,0
1753,12618,0
1754,12619,0
1755,12620,0
1756,12621,0
1757,12622,0
1758,12623,0
1759,12624,0
1760,12625,0
1761,12626,0
1762,12627,0
1763,12628,0
1764,12629,0
1765,12630,1
1766,12631,1
1767,12632,0
1768,12633,0
1769,12634,0
1770,12635,0
1771,12636,0
1772,12637,0
1773,12638,0
1774,12639,0
1775,12640,1
1776,12641,0
1777,12642,0
1778,12643,0
1779,12644,0
1780,12645,0
1781,12646,0
1782,12647,0
1783,12648,0
1784,12649,1
1785,12650,1
1786,12651,0
1787,12652,0
1788,12653,1
1789,12654,0
1790,12655,0
1791,12656,0
1792,12657,0
1793,12658,0
1794,12659,1
1795,12660,0
1796,12661,0
1797,12662,0
1798,12663,1
1799,12664,0
1800,12665,0
1801,12666,0
1802,12667,0
1803,12668,1
1804,12669,0
1805,12670,1
1806,12671,0
1807,12672,0
1808,12673,1
1809,12674,0
1810,12675,0
1811,12676,0
1812,12677,0
1813,12678,0
1814,12679,0
1815,12680,0
1816,12681,0
1817,12682,0
1818,12683,0
1819,12684,0
1820,12685,1
1821,12686,0
1822,12687,0
1823,12688,0
1824,12689,0
1825,12690,0
1826,12691,0
1827,12692,0
1828,12693,0
1829,12694,0
1830,12695,0
1831,12696,0
1832,12697,0
1833,12698,0
1834,12699,0
1835,12700,0
1836,12701,0
1837,12702,0
1838,12703,0
1839,12704,0
1840,12705,0
1841,12706,0
1842,12707,0
1843,12708,0
1844,12709,1
1845,12710,0
1846,12711,1
1847,12712,0
1848,12713,0
1849,12714,0
1850,12715,1
1851,12716,0
1852,12717,0
1853,12718,0
1854,12719,0
1855,12720,0
1856,12721,0
1857,12722,0
1858,12723,0
1859,12724,0
1860,12725,0
1861,12726,0
1862,12727,0
1863,12728,0
1864,12729,0
1865,12730,0
1866,12731,0
1867,12732,0
1868,12733,0
1869,12734,0
1870,12735,0
1871,12736,0
1872,12737,1
1873,12738,0
1874,12739,0
1875,12740,1
1876,12741,0
1877,12742,1
1878,12743,0
1879,12744,0
1880,12745,0
1881,12746,0
1882,12747,0
1883,12748,1
1884,12749,1
1885,12750,0
1886,12751,0
1887,12752,0
1888,12753,0
1889,12754,0
1890,12755,0
1891,12756,0
1892,12757,0
1893,12758,0
1894,12759,0
1895,12760,0
1896,12761,0
1897,12762,0
1898,12763,0
1899,12764,1
1900,12765,0
1901,12766,0
1902,12767,1
1903,12768,0
1904,12769,0
1905,12770,0
1906,12771,0
1907,12772,0
1908,12773,0
1909,12774,0
1910,12775,0
1911,12776,1
1912,12777,0
1913,12778,0
1914,12779,1
1915,12780,0
1916,12781,0
1917,12782,0
1918,12783,0
1919,12784,0
1920,12785,1
1921,12786,0
1922,12787,0
1923,12788,0
1924,12789,0
1925,12790,0
1926,12791,0
1927,12792,0
1928,12793,0
1929,12794,0
1930,12795,0
1931,12796,1
1932,12797,0
1933,12798,0
1934,12799,0
1935,12800,1
1936,12801,0
1937,12802,1
1938,12803,0
1939,12804,0
1940,12805,0
1941,12806,0
1942,12807,0
1943,12808,1
1944,12809,0
1945,12810,0
1946,12811,0
1947,12812,0
1948,12813,0
1949,12814,0
1950,12815,0
1951,12816,1
1952,12817,0
1953,12818,0
1954,12819,0
1955,12820,0
1956,12821,0
1957,12822,1
1958,12823,0
1959,12824,0
1960,12825,1
1961,12826,1
1962,12827,0
1963,12828,1
1964,12829,0
1965,12830,0
1966,12831,0
1967,12832,0
1968,12833,0
1969,12834,0
1970,12835,1
1971,12836,1
1972,12837,0
1973,12838,0
1974,12839,0
1975,12840,0
1976,12841,0
1977,12842,0
1978,12843,1
1979,12844,0
1980,12845,0
1981,12846,0
1982,12847,1
1983,12848,0
1984,12849,0
1985,12850,0
1986,12851,0
1987,12852,0
1988,12853,0
1989,12854,0
1990,12855,0
1991,12856,1
1992,12857,0
1993,12858,0
1994,12859,1
1995,12860,0
1996,12861,0
1997,12862,0
1998,12863,0
1999,12864,0
2000,12865,0
2001,12866,1
2002,12867,1
2003,12868,0
2004,12869,1
2005,12870,0
2006,12871,1
2007,12872,0
2008,12873,1
2009,12874,1
2010,12875,0
2011,12876,0
2012,12877,0
2013,12878,0
2014,12879,0
2015,12880,0
2016,12881,0
2017,12882,1
2018,12883,0
2019,12884,0
2020,12885,0
2021,12886,1
2022,12887,0
2023,12888,0
2024,12889,0
2025,12890,0
2026,12891,1
2027,12892,1
2028,12893,0
2029,12894,0
2030,12895,0
2031,12896,0
2032,12897,0
2033,12898,0
2034,12899,0
2035,12900,0
2036,12901,0
2037,12902,0
2038,12903,0
2039,12904,0
2040,12905,0
2041,12906,1
2042,12907,0
2043,12908,0
2044,12909,0
2045,12910,0
2046,12911,0
2047,12912,0
2048,12913,0
2049,12914,0
2050,12915,0
2051,12916,0
2052,12917,0
2053,12918,0
2054,12919,1
2055,12920,0
2056,12921,1
2057,12922,0
2058,12923,0
2059,12924,0
2060,12925,0
2061,12926,0
2062,12927,0
2063,12928,0
2064,12929,0
2065,12930,0
2066,12931,0
2067,12932,0
2068,12933,0
2069,12934,0
2070,12935,0
2071,12936,1
2072,12937,0
2073,12938,0
2074,12939,0
2075,12940,0
2076,12941,0
2077,12942,0
2078,12943,1
2079,12944,0
2080,12945,1
2081,12946,0
2082,12947,1
2083,12948,0
2084,12949,0
2085,12950,0
2086,12951,1
2087,12952,1
2088,12953,0
2089,12954,0
2090,12955,1
2091,12956,0
2092,12957,0
2093,12958,0
2094,12959,0
2095,12960,0
2096,12961,1
2097,12962,0
2098,12963,0
2099,12964,0
2100,12965,1
2101,12966,0
2102,12967,0
2103,12968,0
2104,12969,0
2105,12970,0
2106,12971,0
2107,12972,0
2108,12973,0
2109,12974,0
2110,12975,0
2111,12976,0
2112,12977,0
2113,12978,0
2114,12979,0
2115,12980,0
2116,12981,0
2117,12982,1
2118,12983,0
2119,12984,0
2120,12985,0
2121,12986,0
2122,12987,0
2123,12988,0
2124,12989,0
2125,12990,0
2126,12991,0
2127,12992,0
2128,12993,0
2129,12994,0
2130,12995,1
2131,12996,0
2132,12997,0
2133,12998,0
2134,12999,0
2135,13000,0
2136,13001,0
2137,13002,0
2138,13003,0
2139,13004,0
2140,13005,0
2141,13006,0
2142,13007,0
2143,13008,0
2144,13009,0
2145,13010,1
2146,13011,1
2147,13012,0
2148,13013,1
2149,13014,0
2150,13015,0
2151,13016,0
2152,13017,0
2153,13018,1
2154,13019,0
2155,13020,0
2156,13021,0
2157,13022,1
2158,13023,0
2159,13024,0
2160,13025,0
2161,13026,0
2162,13027,0
2163,13028,0
2164,13029,0
2165,13030,0
2166,13031,0
2167,13032,0
2168,13033,1
2169,13034,0
2170,13035,0
2171,13036,0
2172,13037,0
2173,13038,1
2174,13039,1
2175,13040,1
2176,13041,0
2177,13042,1
2178,13043,0
2179,13044,1
2180,13045,0
2181,13046,1
2182,13047,0
2183,13048,0
2184,13049,0
2185,13050,0
2186,13051,0
2187,13052,0
2188,13053,0
2189,13054,0
2190,13055,0
2191,13056,0
2192,13057,0
2193,13058,0
2194,13059,0
2195,13060,0
2196,13061,1
2197,13062,0
2198,13063,0
2199,13064,0
2200,13065,0
2201,13066,0
2202,13067,0
2203,13068,0
2204,13069,0
2205,13070,1
2206,13071,0
2207,13072,0
2208,13073,0
2209,13074,0
2210,13075,0
2211,13076,0
2212,13077,0
2213,13078,1
2214,13079,0
2215,13080,1
2216,13081,0
2217,13082,0
2218,13083,0
2219,13084,0
2220,13085,0
2221,13086,1
2222,13087,0
2223,13088,0
2224,13089,1
2225,13090,0
2226,13091,0
2227,13092,0
2228,13093,0
2229,13094,0
2230,13095,0
2231,13096,0
2232,13097,1
2233,13098,0
2234,13099,1
2235,13100,0
2236,13101,0
2237,13102,0
2238,13103,0
2239,13104,1
2240,13105,0
2241,13106,1
2242,13107,0
2243,13108,0
2244,13109,0
2245,13110,0
2246,13111,0
2247,13112,0
2248,13113,0
2249,13114,0
2250,13115,1
2251,13116,0
2252,13117,1
2253,13118,0
2254,13119,1
2255,13120,0
2256,13121,0
2257,13122,0
2258,13123,0
2259,13124,0
2260,13125,0
2261,13126,1
2262,13127,1
2263,13128,0
2264,13129,1
2265,13130,0
2266,13131,0
2267,13132,0
2268,13133,1
2269,13134,0
2270,13135,1
2271,13136,0
2272,13137,0
2273,13138,0
2274,13139,0
2275,13140,0
2276,13141,1
2277,13142,0
2278,13143,0
2279,13144,0
2280,13145,1
2281,13146,0
2282,13147,0
2283,13148,0
2284,13149,0
2285,13150,1
2286,13151,0
2287,13152,0
2288,13153,1
2289,13154,1
2290,13155,0
2291,13156,0
2292,13157,0
2293,13158,0
2294,13159,0
2295,13160,0
2296,13161,0
2297,13162,0
2298,13163,0
2299,13164,0
2300,13165,0
2301,13166,0
2302,13167,0
2303,13168,0
2304,13169,1
2305,13170,0
2306,13171,1
2307,13172,0
2308,13173,0
2309,13174,0
2310,13175,0
2311,13176,0
2312,13177,0
2313,13178,1
2314,13179,0
2315,13180,0
2316,13181,0
2317,13182,0
2318,13183,0
2319,13184,0
2320,13185,0
2321,13186,0
2322,13187,0
2323,13188,0
2324,13189,0
2325,13190,0
2326,13191,0
2327,13192,0
2328,13193,0
2329,13194,0
2330,13195,0
2331,13196,0
2332,13197,1
2333,13198,0
2334,13199,0
2335,13200,0
2336,13201,1
2337,13202,0
2338,13203,1
2339,13204,0
2340,13205,0
2341,13206,0
2342,13207,0
2343,13208,0
2344,13209,0
2345,13210,1
2346,13211,0
2347,13212,0
2348,13213,0
2349,13214,0
2350,13215,1
2351,13216,0
2352,13217,0
2353,13218,1
2354,13219,0
2355,13220,0
2356,13221,0
2357,13222,1
2358,13223,0
2359,13224,0
2360,13225,0
2361,13226,0
2362,13227,0
2363,13228,0
2364,13229,0
2365,13230,0
2366,13231,0
2367,13232,0
2368,13233,0
2369,13234,0
2370,13235,0
2371,13236,0
2372,13237,1
2373,13238,0
2374,13239,0
2375,13240,0
2376,13241,0
2377,13242,0
2378,13243,0
2379,13244,0
2380,13245,0
2381,13246,0
2382,13247,0
2383,13248,0
2384,13249,0
2385,13250,1
2386,13251,0
2387,13252,1
2388,13253,0
2389,13254,0
2390,13255,0
2391,13256,0
2392,13257,1
2393,13258,1
2394,13259,0
2395,13260,0
2396,13261,1
2397,13262,0
2398,13263,1
2399,13264,0
2400,13265,0
2401,13266,0
2402,13267,0
2403,13268,0
2404,13269,0
2405,13270,1
2406,13271,0
2407,13272,0
2408,13273,0
2409,13274,1
2410,13275,0
2411,13276,0
2412,13277,0
2413,13278,0
2414,13279,0
2415,13280,0
2416,13281,0
2417,13282,0
2418,13283,0
2419,13284,0
2420,13285,0
2421,13286,0
2422,13287,0
2423,13288,0
2424,13289,0
2425,13290,1
2426,13291,0
2427,13292,0
2428,13293,1
2429,13294,0
2430,13295,1
2431,13296,1
2432,13297,0
2433,13298,0
2434,13299,0
2435,13300,1
2436,13301,0
2437,13302,1
2438,13303,0
2439,13304,0
2440,13305,0
2441,13306,0
2442,13307,0
2443,13308,1
2444,13309,0
2445,13310,0
2446,13311,0
2447,13312,0
2448,13313,0
2449,13314,0
2450,13315,0
2451,13316,0
2452,13317,0
2453,13318,0
2454,13319,0
2455,13320,0
2456,13321,0
2457,13322,1
2458,13323,0
2459,13324,1
2460,13325,0
2461,13326,0
2462,13327,1
2463,13328,0
2464,13329,0
2465,13330,1
2466,13331,0
2467,13332,0
2468,13333,0
2469,13334,0
2470,13335,0
2471,13336,1
2472,13337,0
2473,13338,0
2474,13339,0
2475,13340,0
2476,13341,0
2477,13342,0
2478,13343,0
2479,13344,0
2480,13345,0
2481,13346,0
2482,13347,0
2483,13348,0
2484,13349,0
2485,13350,0
2486,13351,0
2487,13352,1
2488,13353,0
2489,13354,0
2490,13355,0
2491,13356,0
2492,13357,0
2493,13358,0
2494,13359,0
2495,13360,0
2496,13361,0
2497,13362,0
2498,13363,0
2499,13364,0
2500,13365,0
2501,13366,0
2502,13367,0
2503,13368,1
2504,13369,0
2505,13370,0
2506,13371,0
2507,13372,1
2508,13373,0
2509,13374,1
2510,13375,0
2511,13376,1
2512,13377,0
2513,13378,0
2514,13379,0
2515,13380,0
2516,13381,0
2517,13382,0
2518,13383,0
2519,13384,0
2520,13385,0
2521,13386,0
2522,13387,0
2523,13388,0
2524,13389,1
2525,13390,0
2526,13391,1
2527,13392,0
2528,13393,1
2529,13394,0
2530,13395,0
2531,13396,0
2532,13397,0
2533,13398,0
2534,13399,0
2535,13400,0
2536,13401,0
2537,13402,1
2538,13403,0
2539,13404,0
2540,13405,0
2541,13406,0
2542,13407,1
2543,13408,0
2544,13409,0
2545,13410,0
2546,13411,0
2547,13412,0
2548,13413,0
2549,13414,0
2550,13415,0
2551,13416,0
2552,13417,0
2553,13418,0
2554,13419,1
2555,13420,0
2556,13421,0
2557,13422,1
2558,13423,0
2559,13424,1
2560,13425,1
2561,13426,0
2562,13427,0
2563,13428,0
2564,13429,0
2565,13430,1
2566,13431,0
2567,13432,0
2568,13433,0
2569,13434,0
2570,13435,0
2571,13436,1
2572,13437,0
2573,13438,0
2574,13439,0
2575,13440,0
2576,13441,0
2577,13442,1
2578,13443,0
2579,13444,0
2580,13445,0
2581,13446,0
2582,13447,0
2583,13448,0
2584,13449,0
2585,13450,0
2586,13451,0
2587,13452,0
2588,13453,0
2589,13454,0
2590,13455,0
2591,13456,1
2592,13457,0
2593,13458,0
2594,13459,0
2595,13460,0
2596,13461,0
2597,13462,0
2598,13463,0
2599,13464,0
2600,13465,0
2601,13466,0
2602,13467,0
2603,13468,0
2604,13469,0
2605,13470,0
2606,13471,0
2607,13472,0
2608,13473,0
2609,13474,0
2610,13475,0
2611,13476,0
2612,13477,0
2613,13478,1
2614,13479,0
2615,13480,0
2616,13481,0
2617,13482,0
2618,13483,0
2619,13484,0
2620,13485,0
2621,13486,1
2622,13487,1
2623,13488,0
2624,13489,0
2625,13490,0
2626,13491,0
2627,13492,0
2628,13493,0
2629,13494,0
2630,13495,0
2631,13496,0
2632,13497,1
2633,13498,0
2634,13499,0
2635,13500,0
2636,13501,1
2637,13502,0
2638,13503,0
2639,13504,0
2640,13505,0
2641,13506,0
2642,13507,0
2643,13508,0
2644,13509,0
2645,13510,0
2646,13511,0
2647,13512,0
2648,13513,0
2649,13514,0
2650,13515,0
2651,13516,0
2652,13517,0
2653,13518,0
2654,13519,1
2655,13520,0
2656,13521,0
2657,13522,0
2658,13523,0
2659,13524,0
2660,13525,0
2661,13526,0
2662,13527,0
2663,13528,0
2664,13529,1
2665,13530,0
2666,13531,0
2667,13532,0
2668,13533,0
2669,13534,0
2670,13535,0
2671,13536,0
2672,13537,0
2673,13538,0
2674,13539,1
2675,13540,0
2676,13541,0
2677,13542,0
2678,13543,0
2679,13544,0
2680,13545,0
2681,13546,0
2682,13547,1
2683,13548,0
2684,13549,0
2685,13550,0
2686,13551,0
2687,13552,1
2688,13553,1
2689,13554,0
2690,13555,0
2691,13556,0
2692,13557,1
2693,13558,0
2694,13559,0
2695,13560,0
2696,13561,0
2697,13562,0
2698,13563,0
2699,13564,0
2700,13565,0
2701,13566,1
2702,13567,0
2703,13568,0
2704,13569,0
2705,13570,0
2706,13571,0
2707,13572,0
2708,13573,1
2709,13574,0
2710,13575,0
2711,13576,0
2712,13577,0
2713,13578,0
2714,13579,0
2715,13580,1
2716,13581,0
2717,13582,1
2718,13583,1
2719,13584,0
2720,13585,0
2721,13586,0
2722,13587,0
2723,13588,0
2724,13589,0
2725,13590,0
2726,13591,0
2727,13592,1
2728,13593,0
2729,13594,0
2730,13595,0
2731,13596,0
2732,13597,1
2733,13598,0
2734,13599,0
2735,13600,0
2736,13601,0
2737,13602,1
2738,13603,0
2739,13604,0
2740,13605,0
2741,13606,1
2742,13607,0
2743,13608,1
2744,13609,0
2745,13610,0
2746,13611,0
2747,13612,0
2748,13613,0
2749,13614,0
2750,13615,0
2751,13616,0
2752,13617,0
2753,13618,0
2754,13619,0
2755,13620,0
2756,13621,0
2757,13622,0
2758,13623,0
2759,13624,0
2760,13625,0
2761,13626,0
2762,13627,0
2763,13628,0
2764,13629,0
2765,13630,0
2766,13631,0
2767,13632,1
2768,13633,0
2769,13634,1
2770,13635,1
2771,13636,0
2772,13637,0
2773,13638,0
2774,13639,0
2775,13640,0
2776,13641,0
2777,13642,0
2778,13643,0
2779,13644,0
2780,13645,1
2781,13646,0
2782,13647,0
2783,13648,1
2784,13649,1
2785,13650,1
2786,13651,0
2787,13652,0
2788,13653,0
2789,13654,0
2790,13655,0
2791,13656,0
2792,13657,0
2793,13658,1
2794,13659,0
2795,13660,0
2796,13661,1
2797,13662,0
2798,13663,1
2799,13664,0
2800,13665,1
2801,13666,0
2802,13667,1
2803,13668,0
2804,13669,0
2805,13670,0
2806,13671,0
2807,13672,0
2808,13673,0
2809,13674,1
2810,13675,0
2811,13676,0
2812,13677,0
2813,13678,0
2814,13679,0
2815,13680,0
2816,13681,0
2817,13682,0
2818,13683,0
2819,13684,1
2820,13685,1
2821,13686,0
2822,13687,1
2823,13688,0
2824,13689,0
2825,13690,0
2826,13691,0
2827,13692,0
2828,13693,1
2829,13694,0
2830,13695,0
2831,13696,0
2832,13697,1
2833,13698,1
2834,13699,1
2835,13700,0
2836,13701,0
2837,13702,0
2838,13703,0
2839,13704,1
2840,13705,0
2841,13706,0
2842,13707,0
2843,13708,0
2844,13709,0
2845,13710,1
2846,13711,0
2847,13712,0
2848,13713,0
2849,13714,0
2850,13715,0
2851,13716,0
2852,13717,0
2853,13718,0
2854,13719,0
2855,13720,1
2856,13721,0
2857,13722,0
2858,13723,1
2859,13724,0
2860,13725,0
2861,13726,0
2862,13727,0
2863,13728,1
2864,13729,0
2865,13730,0
2866,13731,0
2867,13732,0
2868,13733,0
2869,13734,0
2870,13735,0
2871,13736,0
2872,13737,1
2873,13738,0
2874,13739,1
2875,13740,0
2876,13741,0
2877,13742,0
2878,13743,0
2879,13744,0
2880,13745,0
2881,13746,0
2882,13747,0
2883,13748,0
2884,13749,0
2885,13750,0
2886,13751,1
2887,13752,0
2888,13753,0
2889,13754,0
2890,13755,0
2891,13756,1
2892,13757,0
2893,13758,1
2894,13759,0
2895,13760,0
2896,13761,0
2897,13762,0
2898,13763,1
2899,13764,0
2900,13765,0
2901,13766,0
2902,13767,0
2903,13768,0
2904,13769,0
2905,13770,0
2906,13771,1
2907,13772,1
2908,13773,1
2909,13774,1
2910,13775,0
2911,13776,0
2912,13777,0
2913,13778,1
2914,13779,0
2915,13780,0
2916,13781,0
2917,13782,0
2918,13783,0
2919,13784,0
2920,13785,0
2921,13786,0
2922,13787,0
2923,13788,0
2924,13789,0
2925,13790,0
2926,13791,0
2927,13792,0
2928,13793,0
2929,13794,0
2930,13795,0
2931,13796,0
2932,13797,0
2933,13798,0
2934,13799,0
2935,13800,0
2936,13801,1
2937,13802,0
2938,13803,1
2939,13804,0
2940,13805,0
2941,13806,0
2942,13807,1
2943,13808,0
2944,13809,0
2945,13810,0
2946,13811,0
2947,13812,0
2948,13813,1
2949,13814,0
2950,13815,0
2951,13816,1
2952,13817,0
2953,13818,0
2954,13819,0
2955,13820,0
2956,13821,1
2957,13822,0
2958,13823,0
2959,13824,1
2960,13825,0
2961,13826,0
2962,13827,0
2963,13828,0
2964,13829,1
2965,13830,0
2966,13831,0
2967,13832,0
2968,13833,1
2969,13834,1
2970,13835,0
2971,13836,0
2972,13837,0
2973,13838,1
2974,13839,0
2975,13840,0
2976,13841,0
2977,13842,0
2978,13843,0
2979,13844,0
2980,13845,1
2981,13846,0
2982,13847,0
2983,13848,0
2984,13849,0
2985,13850,0
2986,13851,1
2987,13852,0
2988,13853,1
2989,13854,0
2990,13855,1
2991,13856,0
2992,13857,0
2993,13858,1
2994,13859,0
2995,13860,1
2996,13861,1
2997,13862,0
2998,13863,0
2999,13864,0
3000,13865,0
3001,13866,1
3002,13867,0
3003,13868,0
3004,13869,0
3005,13870,0
3006,13871,1
3007,13872,1
3008,13873,0
3009,13874,0
3010,13875,0
3011,13876,0
3012,13877,1
3013,13878,0
3014,13879,0
3015,13880,0
3016,13881,1
3017,13882,1
3018,13883,0
3019,13884,0
3020,13885,1
3021,13886,0
3022,13887,0
3023,13888,0
3024,13889,0
3025,13890,1
3026,13891,0
3027,13892,0
3028,13893,0
3029,13894,1
3030,13895,0
3031,13896,1
3032,13897,0
3033,13898,0
3034,13899,0
3035,13900,0
3036,13901,0
3037,13902,0
3038,13903,0
3039,13904,1
3040,13905,0
3041,13906,0
3042,13907,0
3043,13908,0
3044,13909,0
3045,13910,0
3046,13911,0
3047,13912,0
3048,13913,0
3049,13914,1
3050,13915,0
3051,13916,0
3052,13917,0
3053,13918,0
3054,13919,0
3055,13920,0
3056,13921,0
3057,13922,0
3058,13923,0
3059,13924,1
3060,13925,1
3061,13926,0
3062,13927,0
3063,13928,0
3064,13929,1
3065,13930,1
3066,13931,0
3067,13932,1
3068,13933,0
3069,13934,0
3070,13935,0
3071,13936,0
3072,13937,0
3073,13938,0
3074,13939,1
3075,13940,0
3076,13941,0
3077,13942,0
3078,13943,1
3079,13944,0
3080,13945,0
3081,13946,0
3082,13947,0
3083,13948,0
3084,13949,0
3085,13950,0
3086,13951,1
3087,13952,0
3088,13953,0
3089,13954,0
3090,13955,0
3091,13956,0
3092,13957,1
3093,13958,0
3094,13959,0
3095,13960,1
3096,13961,0
3097,13962,1
3098,13963,0
3099,13964,0
3100,13965,1
3101,13966,0
3102,13967,0
3103,13968,0
3104,13969,0
3105,13970,0
3106,13971,0
3107,13972,0
3108,13973,0
3109,13974,0
3110,13975,0
3111,13976,0
3112,13977,1
3113,13978,0
3114,13979,0
3115,13980,0
3116,13981,1
3117,13982,0
3118,13983,0
3119,13984,0
3120,13985,0
3121,13986,0
3122,13987,0
3123,13988,0
3124,13989,0
3125,13990,0
3126,13991,0
3127,13992,0
3128,13993,0
3129,13994,0
3130,13995,0
3131,13996,0
3132,13997,1
3133,13998,1
3134,13999,0
3135,14000,0
3136,14001,0
3137,14002,0
3138,14003,0
3139,14004,0
3140,14005,0
3141,14006,0
3142,14007,0
3143,14008,0
3144,14009,0
3145,14010,0
3146,14011,0
3147,14012,0
3148,14013,1
3149,14014,0
3150,14015,1
3151,14016,0
3152,14017,0
3153,14018,0
3154,14019,0
3155,14020,1
3156,14021,0
3157,14022,0
3158,14023,0
3159,14024,0
3160,14025,0
3161,14026,0
3162,14027,0
3163,14028,0
3164,14029,1
3165,14030,0
3166,14031,0
3167,14032,0
3168,14033,0
3169,14034,0
3170,14035,0
3171,14036,0
3172,14037,0
3173,14038,1
3174,14039,0
3175,14040,0
3176,14041,0
3177,14042,0
3178,14043,1
3179,14044,0
3180,14045,1
3181,14046,0
3182,14047,0
3183,14048,0
3184,14049,0
3185,14050,0
3186,14051,0
3187,14052,0
3188,14053,0
3189,14054,0
3190,14055,0
3191,14056,0
3192,14057,0
3193,14058,0
3194,14059,0
3195,14060,0
3196,14061,0
3197,14062,0
3198,14063,0
3199,14064,0
3200,14065,0
3201,14066,0
3202,14067,0
3203,14068,0
3204,14069,0
3205,14070,0
3206,14071,0
3207,14072,0
3208,14073,0
3209,14074,0
3210,14075,0
3211,14076,1
3212,14077,0
3213,14078,0
3214,14079,0
3215,14080,0
3216,14081,0
3217,14082,0
3218,14083,1
3219,14084,0
3220,14085,0
3221,14086,0
3222,14087,0
3223,14088,0
3224,14089,0
3225,14090,0
3226,14091,0
3227,14092,0
3228,14093,1
3229,14094,0
3230,14095,0
3231,14096,0
3232,14097,0
3233,14098,0
3234,14099,0
3235,14100,0
3236,14101,1
3237,14102,0
3238,14103,0
3239,14104,0
3240,14105,0
3241,14106,0
3242,14107,0
3243,14108,0
3244,14109,1
3245,14110,0
3246,14111,0
3247,14112,0
3248,14113,0
3249,14114,1
3250,14115,0
3251,14116,1
3252,14117,0
3253,14118,0
3254,14119,0
3255,14120,1
3256,14121,0
3257,14122,0
3258,14123,1
3259,14124,0
3260,14125,0
3261,14126,0
3262,14127,0
3263,14128,0
3264,14129,0
3265,14130,0
3266,14131,0
3267,14132,0
3268,14133,1
3269,14134,1
3270,14135,0
3271,14136,0
3272,14137,1
3273,14138,1
3274,14139,0
3275,14140,1
3276,14141,0
3277,14142,0
3278,14143,0
3279,14144,0
3280,14145,0
3281,14146,0
3282,14147,0
3283,14148,0
3284,14149,0
3285,14150,0
3286,14151,0
3287,14152,0
3288,14153,0
3289,14154,1
3290,14155,0
3291,14156,1
3292,14157,0
3293,14158,0
3294,14159,0
3295,14160,0
3296,14161,0
3297,14162,0
3298,14163,0
3299,14164,0
3300,14165,0
3301,14166,0
3302,14167,0
3303,14168,0
3304,14169,0
3305,14170,0
3306,14171,0
3307,14172,0
3308,14173,0
3309,14174,0
3310,14175,0
3311,14176,1
3312,14177,0
3313,14178,0
3314,14179,0
3315,14180,0
3316,14181,0
3317,14182,0
3318,14183,0
3319,14184,0
3320,14185,1
3321,14186,0
3322,14187,0
3323,14188,0
3324,14189,0
3325,14190,0
3326,14191,0
3327,14192,0
3328,14193,0
3329,14194,0
3330,14195,0
3331,14196,0
3332,14197,0
3333,14198,0
3334,14199,1
3335,14200,0
3336,14201,0
3337,14202,0
3338,14203,0
3339,14204,0
3340,14205,1
3341,14206,0
3342,14207,0
3343,14208,1
3344,14209,0
3345,14210,0
3346,14211,0
3347,14212,0
3348,14213,0
3349,14214,0
3350,14215,0
3351,14216,0
3352,14217,0
3353,14218,0
3354,14219,0
3355,14220,0
3356,14221,0
3357,14222,0
3358,14223,0
3359,14224,0
3360,14225,0
3361,14226,0
3362,14227,0
3363,14228,0
3364,14229,0
3365,14230,0
3366,14231,0
3367,14232,0
3368,14233,0
3369,14234,0
3370,14235,0
3371,14236,0
3372,14237,0
3373,14238,0
3374,14239,1
3375,14240,0
3376,14241,0
3377,14242,0
3378,14243,0
3379,14244,0
3380,14245,0
3381,14246,0
3382,14247,1
3383,14248,0
3384,14249,0
3385,14250,0
3386,14251,0
3387,14252,0
3388,14253,0
3389,14254,1
3390,14255,0
3391,14256,0
3392,14257,0
3393,14258,0
3394,14259,0
3395,14260,0
3396,14261,0
3397,14262,0
3398,14263,0
3399,14264,0
3400,14265,0
3401,14266,0
3402,14267,0
3403,14268,0
3404,14269,0
3405,14270,0
3406,14271,0
3407,14272,0
3408,14273,0
3409,14274,0
3410,14275,0
3411,14276,0
3412,14277,1
3413,14278,0
3414,14279,0
3415,14280,0
3416,14281,1
3417,14282,0
3418,14283,0
3419,14284,0
3420,14285,0
3421,14286,0
3422,14287,1
3423,14288,0
3424,14289,0
3425,14290,1
3426,14291,0
3427,14292,1
3428,14293,1
3429,14294,0
3430,14295,1
3431,14296,0
3432,14297,0
3433,14298,0
3434,14299,0
3435,14300,0
3436,14301,0
3437,14302,0
3438,14303,1
3439,14304,0
3440,14305,1
3441,14306,0
3442,14307,0
3443,14308,0
3444,14309,0
3445,14310,0
3446,14311,0
3447,14312,0
3448,14313,0
3449,14314,0
3450,14315,0
3451,14316,0
3452,14317,0
3453,14318,1
3454,14319,0
3455,14320,0
3456,14321,0
3457,14322,0
3458,14323,0
3459,14324,0
3460,14325,0
3461,14326,0
3462,14327,0
3463,14328,1
3464,14329,0
3465,14330,0
3466,14331,1
3467,14332,0
3468,14333,0
3469,14334,0
3470,14335,0
3471,14336,0
3472,14337,1
3473,14338,1
3474,14339,1
3475,14340,1
3476,14341,0
3477,14342,0
3478,14343,0
3479,14344,0
3480,14345,0
3481,14346,0
3482,14347,1
3483,14348,0
3484,14349,1
3485,14350,0
3486,14351,0
3487,14352,0
3488,14353,0
3489,14354,0
3490,14355,0
3491,14356,1
3492,14357,0
3493,14358,0
3494,14359,0
3495,14360,1
3496,14361,1
3497,14362,0
3498,14363,0
3499,14364,0
3500,14365,0
3501,14366,0
3502,14367,0
3503,14368,0
3504,14369,0
3505,14370,1
3506,14371,0
3507,14372,0
3508,14373,0
3509,14374,0
3510,14375,0
3511,14376,0
3512,14377,0
3513,14378,0
3514,14379,1
3515,14380,0
3516,14381,0
3517,14382,0
3518,14383,0
3519,14384,0
3520,14385,0
3521,14386,0
3522,14387,0
3523,14388,0
3524,14389,0
3525,14390,0
3526,14391,1
3527,14392,0
3528,14393,0
3529,14394,0
3530,14395,0
3531,14396,0
3532,14397,0
3533,14398,0
3534,14399,0
3535,14400,0
3536,14401,1
3537,14402,1
3538,14403,0
3539,14404,0
3540,14405,0
3541,14406,0
3542,14407,0
3543,14408,0
3544,14409,0
3545,14410,0
3546,14411,0
3547,14412,0
3548,14413,0
3549,14414,0
3550,14415,0
3551,14416,0
3552,14417,0
3553,14418,0
3554,14419,0
3555,14420,0
3556,14421,0
3557,14422,0
3558,14423,0
3559,14424,0
3560,14425,0
3561,14426,0
3562,14427,0
3563,14428,1
3564,14429,0
3565,14430,0
3566,14431,0
3567,14432,1
3568,14433,0
3569,14434,1
3570,14435,0
3571,14436,0
3572,14437,0
3573,14438,0
3574,14439,1
3575,14440,0
3576,14441,0
3577,14442,0
3578,14443,0
3579,14444,0
3580,14445,0
3581,14446,1
3582,14447,0
3583,14448,1
3584,14449,1
3585,14450,1
3586,14451,1
3587,14452,0
3588,14453,0
3589,14454,0
3590,14455,0
3591,14456,0
3592,14457,0
3593,14458,0
3594,14459,0
3595,14460,1
3596,14461,0
3597,14462,0
3598,14463,0
3599,14464,0
3600,14465,0
3601,14466,0
3602,14467,0
3603,14468,1
3604,14469,0
3605,14470,1
3606,14471,0
3607,14472,0
3608,14473,0
3609,14474,0
3610,14475,1
3611,14476,1
3612,14477,0
3613,14478,0
3614,14479,0
3615,14480,0
3616,14481,1
3617,14482,0
3618,14483,0
3619,14484,0
3620,14485,0
3621,14486,0
3622,14487,0
3623,14488,0
3624,14489,0
3625,14490,1
3626,14491,0
3627,14492,0
3628,14493,0
3629,14494,0
3630,14495,0
3631,14496,0
3632,14497,1
3633,14498,0
3634,14499,0
3635,14500,0
3636,14501,1
3637,14502,0
3638,14503,0
3639,14504,0
3640,14505,0
3641,14506,0
3642,14507,0
3643,14508,0
3644,14509,0
3645,14510,0
3646,14511,0
3647,14512,1
3648,14513,0
3649,14514,1
3650,14515,0
3651,14516,0
3652,14517,0
3653,14518,0
3654,14519,0
3655,14520,0
3656,14521,0
3657,14522,0
3658,14523,0
3659,14524,0
3660,14525,0
3661,14526,1
3662,14527,0
3663,14528,0
3664,14529,0
3665,14530,1
3666,14531,0
3667,14532,1
3668,14533,0
3669,14534,0
3670,14535,0
3671,14536,0
3672,14537,0
3673,14538,0
3674,14539,0
3675,14540,0
3676,14541,0
3677,14542,0
3678,14543,0
3679,14544,0
3680,14545,0
3681,14546,0
3682,14547,0
3683,14548,0
3684,14549,0
3685,14550,0
3686,14551,0
3687,14552,0
3688,14553,0
3689,14554,0
3690,14555,0
3691,14556,0
3692,14557,0
3693,14558,0
3694,14559,0
3695,14560,0
3696,14561,0
3697,14562,0
3698,14563,1
3699,14564,0
3700,14565,0
3701,14566,0
3702,14567,0
3703,14568,0
3704,14569,0
3705,14570,0
3706,14571,0
3707,14572,0
3708,14573,1
3709,14574,0
3710,14575,0
3711,14576,0
3712,14577,0
3713,14578,0
3714,14579,0
3715,14580,0
3716,14581,0
3717,14582,1
3718,14583,0
3719,14584,1
3720,14585,0
3721,14586,0
3722,14587,0
3723,14588,0
3724,14589,0
3725,14590,0
3726,14591,0
3727,14592,0
3728,14593,0
3729,14594,0
3730,14595,1
3731,14596,0
3732,14597,0
3733,14598,0
3734,14599,0
3735,14600,0
3736,14601,0
3737,14602,0
3738,14603,0
3739,14604,0
3740,14605,0
3741,14606,0
3742,14607,0
3743,14608,0
3744,14609,0
3745,14610,0
3746,14611,0
3747,14612,1
3748,14613,0
3749,14614,0
3750,14615,0
3751,14616,0
3752,14617,0
3753,14618,1
3754,14619,1
3755,14620,0
3756,14621,1
3757,14622,1
3758,14623,0
3759,14624,0
3760,14625,0
3761,14626,0
3762,14627,1
3763,14628,0
3764,14629,1
3765,14630,0
3766,14631,0
3767,14632,0
3768,14633,0
3769,14634,0
3770,14635,0
3771,14636,0
3772,14637,1
3773,14638,0
3774,14639,0
3775,14640,0
3776,14641,0
3777,14642,0
3778,14643,0
3779,14644,0
3780,14645,0
3781,14646,0
3782,14647,0
3783,14648,0
3784,14649,0
3785,14650,0
3786,14651,0
3787,14652,0
3788,14653,0
3789,14654,0
3790,14655,1
3791,14656,0
3792,14657,0
3793,14658,0
3794,14659,0
3795,14660,0
3796,14661,0
3797,14662,0
3798,14663,1
3799,14664,1
3800,14665,0
3801,14666,1
3802,14667,0
3803,14668,1
3804,14669,0
3805,14670,0
3806,14671,0
3807,14672,0
3808,14673,0
3809,14674,0
3810,14675,0
3811,14676,1
3812,14677,0
3813,14678,0
3814,14679,1
3815,14680,0
3816,14681,1
3817,14682,0
3818,14683,0
3819,14684,0
3820,14685,0
3821,14686,0
3822,14687,0
3823,14688,1
3824,14689,0
3825,14690,0
3826,14691,0
3827,14692,0
3828,14693,0
3829,14694,0
3830,14695,1
3831,14696,0
3832,14697,0
3833,14698,0
3834,14699,0
3835,14700,0
3836,14701,0
3837,14702,1
3838,14703,0
3839,14704,0
3840,14705,0
3841,14706,0
3842,14707,0
3843,14708,0
3844,14709,0
3845,14710,1
3846,14711,0
3847,14712,0
3848,14713,0
3849,14714,0
3850,14715,0
3851,14716,0
3852,14717,0
3853,14718,0
3854,14719,0
3855,14720,1
3856,14721,1
3857,14722,0
3858,14723,0
3859,14724,1
3860,14725,0
3861,14726,1
3862,14727,0
3863,14728,0
3864,14729,0
3865,14730,0
3866,14731,0
3867,14732,0
3868,14733,0
3869,14734,1
3870,14735,0
3871,14736,0
3872,14737,0
3873,14738,0
3874,14739,0
3875,14740,0
3876,14741,1
3877,14742,1
3878,14743,0
3879,14744,0
3880,14745,0
3881,14746,0
3882,14747,0
3883,14748,0
3884,14749,0
3885,14750,0
3886,14751,0
3887,14752,0
3888,14753,0
3889,14754,0
3890,14755,0
3891,14756,1
3892,14757,0
3893,14758,0
3894,14759,0
3895,14760,1
3896,14761,0
3897,14762,0
3898,14763,0
3899,14764,0
3900,14765,0
3901,14766,0
3902,14767,0
3903,14768,0
3904,14769,0
3905,14770,1
3906,14771,0
3907,14772,0
3908,14773,1
3909,14774,0
3910,14775,0
3911,14776,0
3912,14777,0
3913,14778,1
3914,14779,1
3915,14780,0
3916,14781,0
3917,14782,1
3918,14783,0
3919,14784,0
3920,14785,0
3921,14786,0
3922,14787,1
3923,14788,0
3924,14789,0
3925,14790,0
3926,14791,0
3927,14792,0
3928,14793,0
3929,14794,0
3930,14795,0
3931,14796,0
3932,14797,0
3933,14798,0
3934,14799,0
3935,14800,1
3936,14801,1
3937,14802,0
3938,14803,1
3939,14804,0
3940,14805,0
3941,14806,0
3942,14807,1
3943,14808,0
3944,14809,0
3945,14810,0
3946,14811,0
3947,14812,1
3948,14813,0
3949,14814,0
3950,14815,1
3951,14816,0
3952,14817,0
3953,14818,0
3954,14819,0
3955,14820,0
3956,14821,0
3957,14822,0
3958,14823,0
3959,14824,1
3960,14825,0
3961,14826,0
3962,14827,0
3963,14828,0
3964,14829,0
3965,14830,0
3966,14831,1
3967,14832,0
3968,14833,0
3969,14834,0
3970,14835,0
3971,14836,1
3972,14837,0
3973,14838,0
3974,14839,0
3975,14840,0
3976,14841,1
3977,14842,0
3978,14843,0
3979,14844,0
3980,14845,0
3981,14846,0
3982,14847,0
3983,14848,0
3984,14849,0
3985,14850,0
3986,14851,0
3987,14852,0
3988,14853,0
3989,14854,0
3990,14855,0
3991,14856,0
3992,14857,0
3993,14858,1
3994,14859,1
3995,14860,0
3996,14861,0
3997,14862,0
3998,14863,0
3999,14864,0
4000,14865,1
4001,14866,0
4002,14867,0
4003,14868,0
4004,14869,0
4005,14870,0
4006,14871,0
4007,14872,1
4008,14873,0
4009,14874,0
4010,14875,0
4011,14876,0
4012,14877,0
4013,14878,1
4014,14879,0
4015,14880,0
4016,14881,1
4017,14882,0
4018,14883,1
4019,14884,0
4020,14885,1
4021,14886,0
4022,14887,0
4023,14888,1
4024,14889,0
4025,14890,0
4026,14891,0
4027,14892,0
4028,14893,0
4029,14894,0
4030,14895,0
4031,14896,0
4032,14897,0
4033,14898,1
4034,14899,0
4035,14900,0
4036,14901,0
4037,14902,0
4038,14903,0
4039,14904,0
4040,14905,0
4041,14906,0
4042,14907,0
4043,14908,0
4044,14909,1
4045,14910,0
4046,14911,0
4047,14912,0
4048,14913,0
4049,14914,0
4050,14915,0
4051,14916,1
4052,14917,1
4053,14918,0
4054,14919,0
4055,14920,0
4056,14921,0
4057,14922,1
4058,14923,0
4059,14924,0
4060,14925,0
4061,14926,0
4062,14927,0
4063,14928,0
4064,14929,0
4065,14930,0
4066,14931,0
4067,14932,0
4068,14933,1
4069,14934,0
4070,14935,1
4071,14936,0
4072,14937,0
4073,14938,0
4074,14939,0
4075,14940,0
4076,14941,0
4077,14942,0
4078,14943,0
4079,14944,0
4080,14945,0
4081,14946,0
4082,14947,0
4083,14948,0
4084,14949,0
4085,14950,0
4086,14951,1
4087,14952,0
4088,14953,1
4089,14954,0
4090,14955,0
4091,14956,1
4092,14957,0
4093,14958,0
4094,14959,0
4095,14960,0
4096,14961,0
4097,14962,0
4098,14963,0
4099,14964,0
4100,14965,0
4101,14966,1
4102,14967,0
4103,14968,0
4104,14969,1
4105,14970,0
4106,14971,1
4107,14972,0
4108,14973,0
4109,14974,0
4110,14975,0
4111,14976,0
4112,14977,1
4113,14978,0
4114,14979,0
4115,14980,1
4116,14981,1
4117,14982,0
4118,14983,1
4119,14984,1
4120,14985,1
4121,14986,0
4122,14987,1
4123,14988,0
4124,14989,0
4125,14990,0
4126,14991,0
4127,14992,0
4128,14993,0
4129,14994,0
4130,14995,0
4131,14996,0
4132,14997,0
4133,14998,0
4134,14999,0
4135,15000,0
4136,15001,0
4137,15002,0
4138,15003,0
4139,15004,0
4140,15005,0
4141,15006,0
4142,15007,0
4143,15008,0
4144,15009,0
4145,15010,0
4146,15011,0
4147,15012,0
4148,15013,0
4149,15014,0
4150,15015,0
4151,15016,0
4152,15017,0
4153,15018,1
4154,15019,0
4155,15020,0
4156,15021,0
4157,15022,0
4158,15023,0
4159,15024,0
4160,15025,0
4161,15026,1
4162,15027,0
4163,15028,0
4164,15029,1
4165,15030,0
4166,15031,0
4167,15032,0
4168,15033,0
4169,15034,1
4170,15035,1
4171,15036,1
4172,15037,0
4173,15038,1
4174,15039,0
4175,15040,0
4176,15041,0
4177,15042,1
4178,15043,1
4179,15044,0
4180,15045,0
4181,15046,1
4182,15047,0
4183,15048,0
4184,15049,0
4185,15050,1
4186,15051,1
4187,15052,1
4188,15053,0
4189,15054,0
4190,15055,0
4191,15056,0
4192,15057,0
4193,15058,0
4194,15059,0
4195,15060,0
4196,15061,0
4197,15062,0
4198,15063,0
4199,15064,0
4200,15065,0
4201,15066,0
4202,15067,0
4203,15068,0
4204,15069,0
4205,15070,0
4206,15071,0
4207,15072,1
4208,15073,1
4209,15074,0
4210,15075,0
4211,15076,0
4212,15077,0
4213,15078,1
4214,15079,0
4215,15080,1
4216,15081,1
4217,15082,0
4218,15083,0
4219,15084,1
4220,15085,0
4221,15086,0
4222,15087,0
4223,15088,1
4224,15089,0
4225,15090,0
4226,15091,0
4227,15092,0
4228,15093,1
4229,15094,0
4230,15095,0
4231,15096,0
4232,15097,0
4233,15098,0
4234,15099,0
4235,15100,0
4236,15101,1
4237,15102,0
4238,15103,0
4239,15104,0
4240,15105,0
4241,15106,0
4242,15107,0
4243,15108,0
4244,15109,1
4245,15110,1
4246,15111,0
4247,15112,0
4248,15113,1
4249,15114,0
4250,15115,0
4251,15116,0
4252,15117,0
4253,15118,0
4254,15119,0
4255,15120,0
4256,15121,0
4257,15122,0
4258,15123,0
4259,15124,0
4260,15125,0
4261,15126,1
4262,15127,0
4263,15128,0
4264,15129,0
4265,15130,0
4266,15131,0
4267,15132,0
4268,15133,0
4269,15134,0
4270,15135,0
4271,15136,1
4272,15137,1
4273,15138,0
4274,15139,0
4275,15140,1
4276,15141,0
4277,15142,0
4278,15143,0
4279,15144,0
4280,15145,0
4281,15146,0
4282,15147,1
4283,15148,0
4284,15149,0
4285,15150,0
4286,15151,0
4287,15152,0
4288,15153,0
4289,15154,1
4290,15155,0
4291,15156,1
4292,15157,0
4293,15158,0
4294,15159,0
4295,15160,0
4296,15161,0
4297,15162,0
4298,15163,1
4299,15164,0
4300,15165,0
4301,15166,0
4302,15167,0
4303,15168,0
4304,15169,0
4305,15170,0
4306,15171,0
4307,15172,0
4308,15173,0
4309,15174,1
4310,15175,1
4311,15176,1
4312,15177,0
4313,15178,0
4314,15179,1
4315,15180,0
4316,15181,0
4317,15182,0
4318,15183,0
4319,15184,0
4320,15185,0
4321,15186,0
4322,15187,0
4323,15188,1
4324,15189,0
4325,15190,0
4326,15191,0
4327,15192,0
4328,15193,0
4329,15194,0
4330,15195,0
4331,15196,1
4332,15197,0
4333,15198,0
4334,15199,0
4335,15200,1
4336,15201,0
4337,15202,0
4338,15203,1
4339,15204,1
4340,15205,1
4341,15206,0
4342,15207,0
4343,15208,0
4344,15209,0
4345,15210,0
4346,15211,0
4347,15212,0
4348,15213,0
4349,15214,0
4350,15215,0
4351,15216,0
4352,15217,0
4353,15218,0
4354,15219,0
4355,15220,0
4356,15221,0
4357,15222,0
4358,15223,0
4359,15224,0
4360,15225,0
4361,15226,0
4362,15227,0
4363,15228,0
4364,15229,0
4365,15230,0
4366,15231,0
4367,15232,0
4368,15233,0
4369,15234,0
4370,15235,0
4371,15236,0
4372,15237,0
4373,15238,0
4374,15239,0
4375,15240,0
4376,15241,0
4377,15242,0
4378,15243,0
4379,15244,0
4380,15245,1
4381,15246,1
4382,15247,0
4383,15248,0
4384,15249,0
4385,15250,0
4386,15251,0
4387,15252,1
4388,15253,1
4389,15254,1
4390,15255,0
4391,15256,0
4392,15257,0
4393,15258,0
4394,15259,0
4395,15260,0
4396,15261,0
4397,15262,0
4398,15263,0
4399,15264,1
4400,15265,0
4401,15266,0
4402,15267,0
4403,15268,0
4404,15269,0
4405,15270,0
4406,15271,0
4407,15272,0
4408,15273,0
4409,15274,0
4410,15275,1
4411,15276,0
4412,15277,0
4413,15278,0
4414,15279,0
4415,15280,0
4416,15281,0
4417,15282,0
4418,15283,0
4419,15284,1
4420,15285,0
4421,15286,0
4422,15287,0
4423,15288,0
4424,15289,1
4425,15290,0
4426,15291,1
4427,15292,0
4428,15293,0
4429,15294,0
4430,15295,0
4431,15296,0
4432,15297,0
4433,15298,1
4434,15299,1
4435,15300,0
4436,15301,0
4437,15302,0
4438,15303,0
4439,15304,1
4440,15305,0
4441,15306,0
4442,15307,0
4443,15308,0
4444,15309,0
4445,15310,1
4446,15311,0
4447,15312,0
4448,15313,0
4449,15314,0
4450,15315,0
4451,15316,0
4452,15317,0
4453,15318,0
4454,15319,0
4455,15320,1
4456,15321,0
4457,15322,0
4458,15323,0
4459,15324,0
4460,15325,0
4461,15326,0
4462,15327,0
4463,15328,1
4464,15329,0
4465,15330,0
4466,15331,1
4467,15332,0
4468,15333,1
4469,15334,0
4470,15335,0
4471,15336,0
4472,15337,0
4473,15338,0
4474,15339,1
4475,15340,0
4476,15341,0
4477,15342,1
4478,15343,0
4479,15344,0
4480,15345,0
4481,15346,0
4482,15347,0
4483,15348,0
4484,15349,1
4485,15350,0
4486,15351,0
4487,15352,0
4488,15353,0
4489,15354,0
4490,15355,0
4491,15356,0
4492,15357,1
4493,15358,1
4494,15359,0
4495,15360,0
4496,15361,0
4497,15362,1
4498,15363,0
4499,15364,0
4500,15365,0
4501,15366,0
4502,15367,0
4503,15368,0
4504,15369,0
4505,15370,0
4506,15371,0
4507,15372,0
4508,15373,1
4509,15374,0
4510,15375,0
4511,15376,0
4512,15377,0
4513,15378,0
4514,15379,0
4515,15380,0
4516,15381,0
4517,15382,1
4518,15383,0
4519,15384,0
4520,15385,1
4521,15386,0
4522,15387,0
4523,15388,0
4524,15389,0
4525,15390,0
4526,15391,0
4527,15392,0
4528,15393,0
4529,15394,0
4530,15395,0
4531,15396,1
4532,15397,1
4533,15398,1
4534,15399,0
4535,15400,0
4536,15401,0
4537,15402,0
4538,15403,1
4539,15404,0
4540,15405,0
4541,15406,0
4542,15407,0
4543,15408,0
4544,15409,1
4545,15410,0
4546,15411,0
4547,15412,0
4548,15413,0
4549,15414,0
4550,15415,1
4551,15416,0
4552,15417,0
4553,15418,0
4554,15419,0
4555,15420,0
4556,15421,0
4557,15422,0
4558,15423,0
4559,15424,0
4560,15425,1
4561,15426,0
4562,15427,0
4563,15428,1
4564,15429,0
4565,15430,0
4566,15431,0
4567,15432,0
4568,15433,0
4569,15434,0
4570,15435,0
4571,15436,0
4572,15437,0
4573,15438,0
4574,15439,0
4575,15440,0
4576,15441,0
4577,15442,0
4578,15443,0
4579,15444,0
4580,15445,0
4581,15446,0
4582,15447,0
4583,15448,0
4584,15449,0
4585,15450,0
4586,15451,0
4587,15452,0
4588,15453,0
4589,15454,0
4590,15455,0
4591,15456,0
4592,15457,0
4593,15458,1
4594,15459,0
4595,15460,0
4596,15461,0
4597,15462,0
4598,15463,0
4599,15464,0
4600,15465,0
4601,15466,0
4602,15467,0
4603,15468,0
4604,15469,0
4605,15470,0
4606,15471,0
4607,15472,0
4608,15473,0
4609,15474,0
4610,15475,1
4611,15476,0
4612,15477,0
4613,15478,0
4614,15479,0
4615,15480,0
4616,15481,0
4617,15482,0
4618,15483,0
4619,15484,0
4620,15485,0
4621,15486,0
4622,15487,0
4623,15488,1
4624,15489,0
4625,15490,0
4626,15491,0
4627,15492,0
4628,15493,0
4629,15494,0
4630,15495,0
4631,15496,0
4632,15497,0
4633,15498,0
4634,15499,0
4635,15500,0
4636,15501,0
4637,15502,0
4638,15503,1
4639,15504,0
4640,15505,1
4641,15506,1
4642,15507,0
4643,15508,0
4644,15509,0
4645,15510,1
4646,15511,0
4647,15512,1
4648,15513,1
4649,15514,0
4650,15515,0
4651,15516,0
4652,15517,1
4653,15518,1
4654,15519,0
4655,15520,1
4656,15521,1
4657,15522,0
4658,15523,0
4659,15524,0
4660,15525,1
4661,15526,0
4662,15527,1
4663,15528,0
4664,15529,0
4665,15530,0
4666,15531,0
4667,15532,0
4668,15533,1
4669,15534,0
4670,15535,0
4671,15536,0
4672,15537,1
4673,15538,0
4674,15539,0
4675,15540,1
4676,15541,0
4677,15542,0
4678,15543,0
4679,15544,0
4680,15545,1
4681,15546,0
4682,15547,0
4683,15548,0
4684,15549,0
4685,15550,0
4686,15551,0
4687,15552,0
4688,15553,0
4689,15554,0
4690,15555,0
4691,15556,0
4692,15557,0
4693,15558,1
4694,15559,0
4695,15560,0
4696,15561,0
4697,15562,0
4698,15563,1
4699,15564,0
4700,15565,0
4701,15566,0
4702,15567,0
4703,15568,0
4704,15569,0
4705,15570,0
4706,15571,0
4707,15572,1
4708,15573,0
4709,15574,0
4710,15575,0
4711,15576,0
4712,15577,0
4713,15578,0
4714,15579,0
4715,15580,1
4716,15581,0
4717,15582,0
4718,15583,0
4719,15584,0
4720,15585,0
4721,15586,0
4722,15587,0
4723,15588,0
4724,15589,0
4725,15590,0
4726,15591,0
4727,15592,0
4728,15593,0
4729,15594,0
4730,15595,0
4731,15596,0
4732,15597,1
4733,15598,0
4734,15599,0
4735,15600,0
4736,15601,0
4737,15602,0
4738,15603,1
4739,15604,0
4740,15605,1
4741,15606,1
4742,15607,0
4743,15608,0
4744,15609,1
4745,15610,0
4746,15611,0
4747,15612,0
4748,15613,1
4749,15614,0
4750,15615,0
4751,15616,0
4752,15617,0
4753,15618,0
4754,15619,0
4755,15620,0
4756,15621,1
4757,15622,0
4758,15623,0
4759,15624,0
4760,15625,0
4761,15626,0
4762,15627,0
4763,15628,0
4764,15629,0
4765,15630,0
4766,15631,0
4767,15632,0
4768,15633,0
4769,15634,0
4770,15635,0
4771,15636,0
4772,15637,0
4773,15638,0
4774,15639,0
4775,15640,1
4776,15641,0
4777,15642,0
4778,15643,0
4779,15644,0
4780,15645,1
4781,15646,0
4782,15647,0
4783,15648,1
4784,15649,0
4785,15650,0
4786,15651,1
4787,15652,0
4788,15653,0
4789,15654,1
4790,15655,0
4791,15656,0
4792,15657,0
4793,15658,0
4794,15659,0
4795,15660,0
4796,15661,1
4797,15662,0
4798,15663,0
4799,15664,0
4800,15665,0
4801,15666,0
4802,15667,0
4803,15668,1
4804,15669,0
4805,15670,0
4806,15671,0
4807,15672,0
4808,15673,0
4809,15674,0
4810,15675,1
4811,15676,0
4812,15677,1
4813,15678,1
4814,15679,0
4815,15680,0
4816,15681,0
4817,15682,0
4818,15683,0
4819,15684,0
4820,15685,0
4821,15686,0
4822,15687,1
4823,15688,0
4824,15689,0
4825,15690,0
4826,15691,0
4827,15692,0
4828,15693,0
4829,15694,0
4830,15695,1
4831,15696,0
4832,15697,1
4833,15698,0
4834,15699,0
4835,15700,0
4836,15701,0
4837,15702,0
4838,15703,0
4839,15704,1
4840,15705,1
4841,15706,1
4842,15707,0
4843,15708,0
4844,15709,0
4845,15710,0
4846,15711,1
4847,15712,0
4848,15713,0
4849,15714,0
4850,15715,0
4851,15716,1
4852,15717,0
4853,15718,0
4854,15719,0
4855,15720,0
4856,15721,0
4857,15722,0
4858,15723,0
4859,15724,1
4860,15725,0
4861,15726,0
4862,15727,0
4863,15728,0
4864,15729,0
4865,15730,1
4866,15731,0
4867,15732,0
4868,15733,0
4869,15734,0
4870,15735,0
4871,15736,1
4872,15737,0
4873,15738,0
4874,15739,0
4875,15740,0
4876,15741,0
4877,15742,1
4878,15743,0
4879,15744,0
4880,15745,0
4881,15746,0
4882,15747,0
4883,15748,0
4884,15749,0
4885,15750,0
4886,15751,0
4887,15752,0
4888,15753,0
4889,15754,1
4890,15755,0
4891,15756,0
4892,15757,0
4893,15758,0
4894,15759,1
4895,15760,0
4896,15761,0
4897,15762,0
4898,15763,1
4899,15764,1
4900,15765,0
4901,15766,1
4902,15767,0
4903,15768,0
4904,15769,0
4905,15770,0
4906,15771,1
4907,15772,1
4908,15773,0
4909,15774,1
4910,15775,0
4911,15776,0
4912,15777,0
4913,15778,0
4914,15779,0
4915,15780,1
4916,15781,0
4917,15782,0
4918,15783,0
4919,15784,0
4920,15785,0
4921,15786,0
4922,15787,0
4923,15788,1
4924,15789,0
4925,15790,0
4926,15791,0
4927,15792,0
4928,15793,0
4929,15794,0
4930,15795,0
4931,15796,0
4932,15797,1
4933,15798,1
4934,15799,1
4935,15800,1
4936,15801,0
4937,15802,0
4938,15803,0
4939,15804,0
4940,15805,0
4941,15806,0
4942,15807,0
4943,15808,0
4944,15809,0
4945,15810,1
4946,15811,0
4947,15812,1
4948,15813,0
4949,15814,0
4950,15815,0
4951,15816,0
4952,15817,0
4953,15818,0
4954,15819,0
4955,15820,0
4956,15821,0
4957,15822,0
4958,15823,0
4959,15824,0
4960,15825,0
4961,15826,0
4962,15827,0
4963,15828,0
4964,15829,0
4965,15830,0
4966,15831,1
4967,15832,0
4968,15833,0
4969,15834,0
4970,15835,1
4971,15836,0
4972,15837,0
4973,15838,0
4974,15839,0
4975,15840,0
4976,15841,0
4977,15842,0
4978,15843,0
4979,15844,0
4980,15845,0
4981,15846,0
4982,15847,0
4983,15848,1
4984,15849,0
4985,15850,0
4986,15851,1
4987,15852,0
4988,15853,1
4989,15854,0
4990,15855,0
4991,15856,0
4992,15857,1
4993,15858,0
4994,15859,0
4995,15860,0
4996,15861,0
4997,15862,0
4998,15863,0
4999,15864,0
5000,15865,1
5001,15866,0
5002,15867,0
5003,15868,0
5004,15869,0
5005,15870,1
5006,15871,1
5007,15872,0
5008,15873,1
5009,15874,1
5010,15875,0
5011,15876,0
5012,15877,0
5013,15878,0
5014,15879,0
5015,15880,0
5016,15881,0
5017,15882,0
5018,15883,0
5019,15884,0
5020,15885,0
5021,15886,0
5022,15887,0
5023,15888,0
5024,15889,0
5025,15890,0
5026,15891,0
5027,15892,0
5028,15893,0
5029,15894,1
5030,15895,0
5031,15896,0
5032,15897,0
5033,15898,0
5034,15899,0
5035,15900,0
5036,15901,0
5037,15902,0
5038,15903,0
5039,15904,0
5040,15905,1
5041,15906,0
5042,15907,0
5043,15908,0
5044,15909,0
5045,15910,1
5046,15911,0
5047,15912,0
5048,15913,0
5049,15914,0
5050,15915,0
5051,15916,0
5052,15917,0
5053,15918,0
5054,15919,1
5055,15920,0
5056,15921,1
5057,15922,0
5058,15923,0
5059,15924,0
5060,15925,0
5061,15926,0
5062,15927,0
5063,15928,0
5064,15929,1
5065,15930,0
5066,15931,1
5067,15932,0
5068,15933,0
5069,15934,0
5070,15935,0
5071,15936,0
5072,15937,0
5073,15938,0
5074,15939,0
5075,15940,0
5076,15941,0
5077,15942,0
5078,15943,0
5079,15944,0
5080,15945,0
5081,15946,0
5082,15947,0
5083,15948,0
5084,15949,1
5085,15950,0
5086,15951,0
5087,15952,0
5088,15953,0
5089,15954,0
5090,15955,0
5091,15956,0
5092,15957,0
5093,15958,0
5094,15959,0
5095,15960,0
5096,15961,0
5097,15962,0
5098,15963,0
5099,15964,0
5100,15965,0
5101,15966,0
5102,15967,1
5103,15968,0
5104,15969,1
5105,15970,0
5106,15971,0
5107,15972,0
5108,15973,0
5109,15974,1
5110,15975,0
5111,15976,0
5112,15977,0
5113,15978,0
5114,15979,0
5115,15980,0
5116,15981,0
5117,15982,0
5118,15983,0
5119,15984,0
5120,15985,0
5121,15986,0
5122,15987,0
5123,15988,0
5124,15989,1
5125,15990,0
5126,15991,0
5127,15992,0
5128,15993,1
5129,15994,0
5130,15995,0
5131,15996,0
5132,15997,0
5133,15998,0
5134,15999,1
5135,16000,0
5136,16001,0
5137,16002,0
5138,16003,0
5139,16004,0
5140,16005,0
5141,16006,0
5142,16007,0
5143,16008,0
5144,16009,0
5145,16010,0
5146,16011,0
5147,16012,0
5148,16013,0
5149,16014,1
5150,16015,1
5151,16016,0
5152,16017,0
5153,16018,0
5154,16019,0
5155,16020,0
5156,16021,1
5157,16022,0
5158,16023,0
5159,16024,1
5160,16025,0
5161,16026,1
5162,16027,0
5163,16028,0
5164,16029,0
5165,16030,1
5166,16031,0
5167,16032,0
5168,16033,1
5169,16034,0
5170,16035,0
5171,16036,0
5172,16037,0
5173,16038,1
5174,16039,1
5175,16040,0
5176,16041,0
5177,16042,0
5178,16043,0
5179,16044,0
5180,16045,0
5181,16046,1
5182,16047,0
5183,16048,0
5184,16049,0
5185,16050,0
5186,16051,0
5187,16052,0
5188,16053,0
5189,16054,0
5190,16055,0
5191,16056,0
5192,16057,0
5193,16058,0
5194,16059,1
5195,16060,0
5196,16061,0
5197,16062,1
5198,16063,0
5199,16064,0
5200,16065,0
5201,16066,0
5202,16067,0
5203,16068,0
5204,16069,0
5205,16070,0
5206,16071,1
5207,16072,0
5208,16073,0
5209,16074,0
5210,16075,1
5211,16076,0
5212,16077,0
5213,16078,0
5214,16079,0
5215,16080,1
5216,16081,0
5217,16082,0
5218,16083,0
5219,16084,0
5220,16085,0
5221,16086,0
5222,16087,0
5223,16088,0
5224,16089,0
5225,16090,0
5226,16091,0
5227,16092,0
5228,16093,0
5229,16094,0
5230,16095,1
5231,16096,0
5232,16097,0
5233,16098,1
5234,16099,1
5235,16100,0
5236,16101,0
5237,16102,0
5238,16103,0
5239,16104,1
5240,16105,0
5241,16106,0
5242,16107,1
5243,16108,0
5244,16109,0
5245,16110,0
5246,16111,0
5247,16112,0
5248,16113,0
5249,16114,0
5250,16115,1
5251,16116,0
5252,16117,0
5253,16118,0
5254,16119,0
5255,16120,0
5256,16121,0
5257,16122,1
5258,16123,0
5259,16124,0
5260,16125,1
5261,16126,0
5262,16127,0
5263,16128,0
5264,16129,1
5265,16130,0
5266,16131,0
5267,16132,0
5268,16133,1
5269,16134,1
5270,16135,0
5271,16136,0
5272,16137,1
5273,16138,0
5274,16139,0
5275,16140,0
5276,16141,1
5277,16142,0
5278,16143,0
5279,16144,0
5280,16145,0
5281,16146,0
5282,16147,0
5283,16148,0
5284,16149,1
5285,16150,0
5286,16151,1
5287,16152,1
5288,16153,1
5289,16154,0
5290,16155,0
5291,16156,0
5292,16157,0
5293,16158,0
5294,16159,1
5295,16160,0
5296,16161,0
5297,16162,0
5298,16163,0
5299,16164,0
5300,16165,1
5301,16166,0
5302,16167,0
5303,16168,0
5304,16169,0
5305,16170,0
5306,16171,0
5307,16172,1
5308,16173,0
5309,16174,0
5310,16175,1
5311,16176,0
5312,16177,0
5313,16178,0
5314,16179,0
5315,16180,0
5316,16181,0
5317,16182,0
5318,16183,1
5319,16184,0
5320,16185,1
5321,16186,0
5322,16187,0
5323,16188,0
5324,16189,0
5325,16190,0
5326,16191,0
5327,16192,0
5328,16193,0
5329,16194,0
5330,16195,0
5331,16196,0
5332,16197,0
5333,16198,0
5334,16199,0
5335,16200,1
5336,16201,0
5337,16202,0
5338,16203,0
5339,16204,0
5340,16205,0
5341,16206,1
5342,16207,0
5343,16208,0
5344,16209,0
5345,16210,0
5346,16211,1
5347,16212,0
5348,16213,0
5349,16214,0
5350,16215,0
5351,16216,0
5352,16217,1
5353,16218,1
5354,16219,0
5355,16220,0
5356,16221,0
5357,16222,0
5358,16223,0
5359,16224,0
5360,16225,0
5361,16226,0
5362,16227,0
5363,16228,0
5364,16229,0
5365,16230,0
5366,16231,0
5367,16232,0
5368,16233,1
5369,16234,0
5370,16235,0
5371,16236,0
5372,16237,0
5373,16238,0
5374,16239,0
5375,16240,1
5376,16241,0
5377,16242,1
5378,16243,0
5379,16244,0
5380,16245,0
5381,16246,0
5382,16247,0
5383,16248,0
5384,16249,0
5385,16250,0
5386,16251,0
5387,16252,0
5388,16253,0
5389,16254,0
5390,16255,0
5391,16256,0
5392,16257,1
5393,16258,0
5394,16259,1
5395,16260,0
5396,16261,0
5397,16262,0
5398,16263,0
5399,16264,0
5400,16265,0
5401,16266,0
5402,16267,0
5403,16268,0
5404,16269,0
5405,16270,0
5406,16271,0
5407,16272,0
5408,16273,0
5409,16274,0
5410,16275,0
5411,16276,0
5412,16277,1
5413,16278,0
5414,16279,0
5415,16280,1
5416,16281,1
5417,16282,1
5418,16283,0
5419,16284,0
5420,16285,0
5421,16286,0
5422,16287,0
5423,16288,1
5424,16289,0
5425,16290,0
5426,16291,0
5427,16292,0
5428,16293,0
5429,16294,0
